"root","ana","nta","nti","howa","hia","7na","ntoma","homa"
"kla","kanakl","katakl","katakli","kayakol","katakol","kanaklo","kataklo","kayaklo"
"chrb","kanchrb","katchrb","katchrbi","kaychrb","katchrb","kanchrbo","katchrbo","kaychrbo"
"dkhol","kandkhol","katdkhol","katdkhli","kaydkhol","katdkhol","kandkhlo","katdkhlo","kaydkhlo"
"khrej","kankhrej","kankhrej","katkhrji","kaykhrej","katkhrej","kankhrjo","katkhrjo","kaykhrjo"
"f8em","kanf8em","katf8em","katfe8mi","kayf8em","katf8em","kanfe8mo","katfe8mo","kayfe8mo"
"chre7","kanchre7","katchre7","katcher7i","kaychre7","katchre7","kancher7o","katcher7o","kaycher7o"
"9ra","kan9ra","kat9ra","kat9ray","kay9ra","kat9ra","kan9raw","kat9raw","kay9raw"
"9erra","kan9erri","kat9erri","kat9erri","kay9erri","kat9erri","kan9erriw","kat9erriw","kay9erriw"
"sme3","kansme3","katsme3","katsm3i","kaysme3","katsme3","kansem3o","katsem3o","kaysem3o"
"chaf","kanchouf","katchouf","katchoufi","kaychouf","katchouf","kanchoufo","katchoufo","kaychoufo"
"chmm","kanchmm","katchmm","katchmmi","kaychmm","katchmm","kanchmmo","katchmmo","kaychmmo"
"da9","kandou9","katdou9","katdou9i","kaydou9","katdou9","kandou9o","katdou9o","kaydou9o"
"9as","kan9is","kat9is","kat9isi","kay9is","kat9is","kan9iso","kat9iso","kay9iso"
"mcha","kanmchi","katmchi","katmchi","kaymchi","katmchi","kanmchiw","katmchiw","kaymchiw"
"ja","kanji","katji","katji","kayji","katji","kanjiw","katjiw","kayjiw"
"Tl3","kanTl3","kaTTl3","kaTTl3i","kayTl3","kaTTl3","kanTl3o","kaTTl3o","kayTl3o"
"nzl","kannzl","katnzl","katnzli","kaynzl","katnzl","kannzlo","katnzlo","kaynzlo"
"3am","kan3oum","kat3oum","kat3oumi","kay3oum","kat3oum","kan3oumo","kat3oumo","kay3oumo"
"ghr9","kanghr9","katghr9","katghr9i","kayghr9","katghr9","kanghr9o","katghr9o","kayghr9o"
"lbs","kanlbs","katlbs","katlbsi","kaylbs","katlbs","kanlbso","katlbso","kaylbso"
"slt","kanslt","katslt","katslti","kayslt","katslt","kanslto","katslto","kayslto"
"chra","kanchri","katchri","katchri","kaychri","katchri","kanchriw","katchriw","kaychriw"
"ba3","kanbi3","katbi3","katbi3i","kaybi3","katbi3","kanbi3o","katbi3o","kaybi3o"
"ttawa","kanttawa","katttawa","katttaway","kayttawa","katttawa","kanttawaw","katttawaw","kayttawaw"
"ktb","kanktb","katktb","katktbi","kayktb","katktb","kanktbo","katktbo","kayktbo"
"ms7","kanms7","katms7","katms7i","kayms7","katms7","kanms7o","katms7o","kayms7o"
"drab","kandrab","katdrab","katdarbi","kaydrab","katdrab","kandarbo","katdarbo","kaydarbo"
"tsalm","kantsalm","kattsalm","kattsalmi","kaytsalm","kattsalm","kantsalmo","kattsalmo","kaytsalmo"
"3ya","kan3ya","kat3ya","kat3yay","kay3ya","kat3ya","kan3yaw","kat3yaw","kay3yaw"
"tskhskh","kantskhskh","kattskhskh","kattskhskhi","kaytskhskh","kattskhskh","kantskhskho","kattskhskho","kaytskhskho"
"D7k","kanD7k","katD7k","katD7ki","kayD7k","katD7k","kanD7ko","katD7ko","kayD7ko"
"ghDb","kanghDb","katghDb","katghDbi","kayghDb","katghDb","kanghDbo","katghDbo","kayghDbo"
"jab","kanjib","katjib","katjibi","kayjib","katjib","kanjibo","katjibo","kayjibo"
"kan","kankoun","katkoun","katkouni","kaykoun","katkoun","kankouno","katkouno","kaykouno"
"dar","kandir","katdir","katdiri","kaydir","katdir","kandiro","katdiro","kaydiro"
"gal","kangoul","katgoul","katgouli","kaygoul","katgoul","kangoulo","katgoulo","kaygoulo"
"chedd","kanchedd","katchedd","katcheddi","kaychedd","katchedd","kancheddo","katcheddo","kaycheddo"
"fkkr","kanfkkr","katfkkr","katfkkri","kayfkkr","katfkkr","kanfkkro","katfkkro","kayfkkro"
"ba","kanbi","katbi","katbi","kaybi","katbi","kanbiw","katbiw","kaybiw"
"bgha","kanbghi","katbghi","katbghi","kaybghi","katbghi","kanbghiw","katbghiw","kaybghiw"
"l9a","kanl9a","katl9a","katl9ay","kayl9a","katl9a","kanl9aw","katl9aw","kayl9aw"
"3Ta","kan3Ti","kat3Ti","kat3Ti","kay3Ti","kat3Ti","kan3Tiw","kat3Tiw","kay3Tiw"
"khdm","kankhdm","katkhdm","katkhdmi","kaykhdm","katkhdm","kankhdmo","katkhdmo","kaykhdmo"
"3yyeT","kan3yyeT","kat3yyeT","kat3yyTi","kay3yyeT","kat3yyeT","kan3yyTo","kat3yyTo","kay3yyTo"
"7ess","kan7ess","kat7ess","kat7essi","kay7ess","kat7ess","kan7esso","kat7esso","kay7esso"
"wlla","kanwlli","katwlli","katwlli","kaywlli","katwlli","kanwlliw","katwlliw","kaywlliw"
"7TT","kan7TT","kat7TT","kat7TTi","kay7TT","kat7TT","kan7TTo","kat7TTo","kay7TTo"
"3na","kan3ni","kat3ni","kat3ni","kay3ni","kat3ni","kan3niw","kat3niw","kay3niw"
"bda","kanbda","katbda","katbday","kaybda","katbda","kanbdaw","katbdaw","kaybdaw"
"3jeb","kan3jb","kat3jb","kat3jbi","kay3jb","kat3jb","kan3jbo","kat3jbo","kay3jbo"
"khbr","kankhbr","katkhbr","katkhbri","kaykhbr","katkhbr","kankhbro","katkhbro","kaykhbro"
"3awn","kan3awn","kat3awn","kat3awni","kay3awn","kat3awn","kan3awno","kat3awno","kay3awno"
"wjjd","kanwjjd","katwjjd","katwjjdi","kaywjjd","katwjjd","kanwjjdo","katwjjdo","kaywjjdo"
"2amn","kan2amn","kat2amn","kat2amni","kay2amn","kat2amn","kan2amno","kat2amno","kay2amno"
"7awl","kan7awl","kat7awl","kat7awli","kay7awl","kat7awl","kan7awlo","kat7awlo","kay7awlo"
"jrrb","kanjrrb","katjrrb","katjrrbi","kayjrrb","katjrrb","kanjrrbo","katjrrbo","kayjrrbo"
"swwl","kanswwl","katswwl","katswwli","kayswwl","katswwl","kanswwlo","katswwlo","kayswwlo"
"tfkkr","kantfkkr","kattfkkr","kattfkkri","kaytfkkr","kattfkkr","kantfkkro","kattfkkro","kaytfkkro"
"mcha","kanmchi","katmchi","katmchi","kaymchi","katmchi","kanmchiw","katmchiw","kaymchiw"
"byyen","kanbyyen","katbyyen","katbyyni","kaybyyen","katbyyen","kanbyyno","katbyyno","kaybyyno"
"l3b","kanl3b","katl3b","katl3bi","kayl3b","katl3b","kanl3bo","katl3bo","kayl3bo"
"jra","kanjri","katjri","katjri","kayjri","katjri","kanjriw","katjriw","kayjriw"
"sala","kansali","katsali","katsali","kaysali","katsali","kansaliw","katsaliw","kaysaliw"
"9TT3","kan9TT3","kat9TT3","kat9TT3i","kay9TT3","kat9TT3","kan9TT3o","kat9TT3o","kay9TT3o"
"8Dr","kan8Dr","kat8Dr","kat8Dri","kay8Dr","kat8Dr","kan8Dro","kat8Dro","kay8Dro"
"chker","kanchker","katchker","katchkri","kaychker","katchker","kanchkro","katchkro","kaychkro"
"bddel","kanbddel","katbddel","katbddli","kaybddel","katbddel","kanbddlo","katbddlo","kaybddlo"
"kmmel","kankmmel","katkmmel","katkmmli","kaykmmel","katkmmel","kankmmlo","katkmmlo","kaykmmlo"
"ftarD","kanftarD","katftarD","katftarDi","kayftarD","katftarD","kanftarDo","katftarDo","kayftarDo"
"tmnna","kantmnna","kattmnna","kattmnnay","kaytmnna","kattmnna","kantmnnaw","kattmnnaw","kaytmnnaw"
"tb3","kantb3","kattb3","kattb3i","kaytb3","kattb3","kantb3o","kattb3o","kaytb3o"
"9bl","kan9bl","kat9bl","kat9bli","kay9bl","kat9bl","kan9blo","kat9blo","kay9blo"
"rfD","kanrfD","katrfD","katrfDi","kayrfD","katrfD","kanrfDo","katrfDo","kayrfDo"
"w93","kanw93","katw93","katw93i","kayw93","katw93","kanw93o","katw93o","kayw93o"
"gls","kangls","katgls","katglsi","kaygls","katgls","kanglso","katglso","kayglso"
"rb7","kanrb7","katrb7","katrb7i","kayrb7","katrb7","kanrb7o","katrb7o","kayrb7o"
"zad","kanzid","katzid","katzidi","kayzid","katzid","kanzido","katzido","kayzido"
"t3llm","kant3llm","katt3llm","katt3llmi","kayt3llm","katt3llm","kant3llmo","katt3llmo","kayt3llmo"
"tsnna","kantsnna","kattsnna","kattsnnay","kaytsnna","kattsnna","kantsnnaw","kattsnnaw","kaytsnnaw"
"sifT","kansifT","katsifT","katsifTi","kaysifT","katsifT","kansifTo","katsifTo","kaysifTo"
"ba3","kanbi3","katbi3","katbi3i","kaybi3","katbi3","kanbi3o","katbi3o","kaybi3o"
"7ell","kan7ell","kat7ell","kat7elli","kay7ell","kat7ell","kan7ello","kat7ello","kay7ello"
"bna","kanbni","katbni","katbni","kaybni","katbni","kanbniw","katbniw","kaybniw"
"khtar","kankhtar","katkhtar","katkhtari","kaykhtar","katkhtar","kankhtaro","katkhtaro","kaykhtaro"
"wSl","kanwSl","katwSl","katwSli","kaywSl","katwSl","kanwSlo","katwSlo","kaywSlo"
"9rrer","kan9rrer","kat9rrer","kat9rreri","kay9rrer","kat9rrer","kan9rrero","kat9rrero","kay9rrero"
"nchT","kannchT","katnchT","katnchTi","kaynchT","katnchT","kannchTo","katnchTo","kaynchTo"
"tfrrj","kantfrrj","kattfrrj","kattfrrji","kaytfrrj","kattfrrj","kantfrrjo","kattfrrjo","kaytfrrjo"
"khsr","kankhsr","katkhsr","katkhsri","kaykhsr","katkhsr","kankhsro","katkhsro","kaykhsro"
"tmchcha","kantmchcha","kattmchcha","kattmchchay","kaytmchcha","kattmchcha","kantmchchaw","kattmchchaw","kaytmchchaw"
"kbbr","kankbbr","katkbbr","katkbbri","kaykbbr","katkbbr","kankbbro","katkbbro","kaykbbro"
"tkhyyl","kantkhyyl","kattkhyyl","kattkhyyli","kaytkhyyl","kattkhyyl","kantkhyylo","kattkhyylo","kaytkhyylo"
"sbbeb","kansbbeb","katsbbeb","katsbbebi","kaysbbeb","katsbbeb","kansbbebo","katsbbebo","kaysbbebo"
"8rrs","kan8rrs","kat8rrs","kat8rrsi","kay8rrs","kat8rrs","kan8rrso","kat8rrso","kay8rrso"
"sme3","kansme3","katsme3","katsm3i","kaysme3","katsme3","kansm3o","katsm3o","kaysm3o"
"kbr","kankbr","katkbr","katkbri","kaykbr","katkbr","kankbro","katkbro","kaykbro"
"mat","kanmout","katmout","katmouti","kaymout","katmout","kanmouto","katmouto","kaymouto"
"twffa","kantwffa","kattwffa","kattwffay","kaytwffa","kattwffa","kantwffaw","kattwffaw","kaytwffaw"
"zar","kanzour","katzour","katzouri","kayzour","katzour","kanzouro","katzouro","kayzouro"
"chjje3","kanchjje3","katchjje3","katchjj3i","kaychjje3","katchjje3","kanchjj3o","katchjj3o","kaychjj3o"
"7ama","kan7ami","kat7ami","kat7ami","kay7ami","kat7ami","kan7amiw","kat7amiw","kay7amiw"
"nchr","kannchr","katnchr","katnchri","kaynchr","katnchr","kannchro","katnchro","kaynchro"
"9tl","kan9tl","kat9tl","kat9tli","kay9tl","kat9tl","kan9tlo","kat9tlo","kay9tlo"
"sag","kansog","katsog","katsogi","kaysog","katsog","kansogo","katsogo","kaysogo"
"kdb","kankdb","katkdb","katkdbi","kaykdb","katkdb","kankdbo","katkdbo","kaykdbo"
"t9aj7","kant9aj7","katt9aj7","katt9aj7i","kayt9aj7","katt9aj7","kant9aj7o","katt9aj7o","kayt9aj7o"
"7yyed","kan7yyed","kat7yyed","kat7yydi","kay7yyed","kat7yyed","kan7yydo","kat7yydo","kay7yydo"
"ddabz","kanddabz","katddabz","katddabzi","kayddabz","katddabz","kanddabzo","katddabzo","kayddabzo"
"3mmr","kan3mmr","kat3mmr","kat3mmri","kay3mmr","kat3mmr","kan3mmro","kat3mmro","kay3mmro"
"safr","kansafr","katsafr","katsafri","kaysafr","katsafr","kansafro","katsafro","kaysafro"
"7Dr","kan7Dr","kat7Dr","kat7Dri","kay7Dr","kat7Dr","kan7Dro","kat7Dro","kay7Dro"
"9sse7","kan9sse7","kat9sse7","kat9ss7i","kay9sse7","kat9sse7","kan9ss7o","kat9ss7o","kay9ss7o"
"3ana","kan3ani","kat3ani","kat3ani","kay3ani","kat3ani","kan3aniw","kat3aniw","kay3aniw"
"zgl","kanzgl","katzgl","katzgli","kayzgl","katzgl","kanzglo","katzglo","kayzglo"
"l9a","kanl9a","katl9a","katl9ay","kayl9a","katl9a","kanl9aw","katl9aw","kayl9aw"
"lga","kanlga","katlga","katlgay","kaylga","katlga","kanlgaw","katlgaw","kaylgaw"
"3bbr","kan3bbr","kat3bbr","kat3bbri","kay3bbr","kat3bbr","kan3bbro","kat3bbro","kay3bbro"
"rkkz","kanrkkz","katrkkz","katrkkzi","kayrkkz","katrkkz","kanrkkzo","katrkkzo","kayrkkzo"
"la7","kanlo7","katlo7","katlo7i","kaylo7","katlo7","kanlo7o","katlo7o","kaylo7o"
"Sawb","kanSawb","katSawb","katSawbi","kaySawb","katSawb","kanSawbo","katSawbo","kaySawbo"
"df3","kandf3","katdf3","katdf3i","kaydf3","katdf3","kandf3o","katdf3o","kaydf3o"
"wrrk","kanwrrk","katwrrk","katwrrki","kaywrrk","katwrrk","kanwrrko","katwrrko","kaywrrko"
"Sona","kanSoni","katSoni","katSoni","kaySoni","katSoni","kanSoniw","katSoniw","kaySoniw"
"jm3","kanjm3","katjm3","katjm3i","kayjm3","katjm3","kanjm3o","katjm3o","kayjm3o"
"8rb","kan8rb","kat8rb","kat8rbi","kay8rb","kat8rb","kan8rbo","kat8rbo","kay8rbo"
"r77b","kanr77b","katr77b","katr77bi","kayr77b","katr77b","kanr77bo","katr77bo","kayr77bo"
"3wwl","kan3wwl","kat3wwl","kat3wwli","kay3wwl","kat3wwl","kan3wwlo","kat3wwlo","kay3wwlo"
"ta9","kanti9","katti9","katti9i","kayti9","katti9","kanti9o","katti9o","kayti9o"
"3awd","kan3awd","kat3awd","kat3awdi","kay3awd","kat3awd","kan3awdo","kat3awdo","kay3awdo"
"khTTeT","kankhTTeT","katkhTTeT","katkhTTeTi","kaykhTTeT","katkhTTeT","kankhTTeTo","katkhTTeTo","kaykhTTeTo"
"frch","kanfrch","katfrch","katfrchi","kayfrch","katfrch","kanfrcho","katfrcho","kayfrcho"
"2kkd","kan2kkd","kat2kkd","kat2kkdi","kay2kkd","kat2kkd","kan2kkdo","kat2kkdo","kay2kkdo"
"kr8","kankr8","katkr8","katkr8i","kaykr8","katkr8","kankr8o","katkr8o","kaykr8o"
"tjwwj","kantjwwj","kattjwwj","kattjwwji","kaytjwwj","kattjwwj","kantjwwjo","kattjwwjo","kaytjwwjo"
"9sm","kan9sm","kat9sm","kat9smi","kay9sm","kat9sm","kan9smo","kat9smo","kay9smo"
"tbnna","kantbnna","kattbnna","kattbnnay","kaytbnna","kattbnna","kantbnnaw","kattbnnaw","kaytbnnaw"
"tja8l","kantja8l","kattja8l","kattja8li","kaytja8l","kattja8l","kantja8lo","kattja8lo","kaytja8lo"
"3rrf","kan3rrf","kat3rrf","kat3rrfi","kay3rrf","kat3rrf","kan3rrfo","kat3rrfo","kay3rrfo"
"9ddm","kan9ddm","kat9ddm","kat9ddmi","kay9ddm","kat9ddm","kan9ddmo","kat9ddmo","kay9ddmo"
"trina","kantrini","kattrini","kattrini","kaytrini","kattrini","kantriniw","kattriniw","kaytriniw"
"br8n","kanbr8n","katbr8n","katbr8ni","kaybr8n","katbr8n","kanbr8no","katbr8no","kaybr8no"
"9n3","kan9n3","kat9n3","kat9n3i","kay9n3","kat9n3","kan9n3o","kat9n3o","kay9n3o"
"9ll3","kan9ll3","kat9ll3","kat9ll3i","kay9ll3","kat9ll3","kan9ll3o","kat9ll3o","kay9ll3o"
"Swwt","kanSwwt","katSwwt","katSwwti","kaySwwt","katSwwt","kanSwwto","katSwwto","kaySwwto"
"nkr","kannkr","katnkr","katnkri","kaynkr","katnkr","kannkro","katnkro","kaynkro"
"khbba","kankhbbi","katkhbbi","katkhbbi","kaykhbbi","katkhbbi","kankhbbiw","katkhbbiw","kaykhbbiw"
"nj7","kannj7","katnj7","katnj7i","kaynj7","katnj7","kannj7o","katnj7o","kaynj7o"
"Tlb","kanTlb","katTlb","katTlbi","kayTlb","katTlb","kanTlbo","katTlbo","kayTlbo"
"3tarf","kan3tarf","kat3tarf","kat3tarfi","kay3tarf","kat3tarf","kan3tarfo","kat3tarfo","kay3tarfo"
"7sb","kan7sb","kat7sb","kat7sbi","kay7sb","kat7sb","kan7sbo","kat7sbo","kay7sbo"
"ntama","kanntami","katntami","katntami","kayntami","katntami","kanntamiw","katntamiw","kayntamiw"
"chekk","kanchekk","katchekk","katchekki","kaychekk","katchekk","kanchekko","katchekko","kaychekko"
"ghnna","kanghnni","katghnni","katghnni","kayghnni","katghnni","kanghnniw","katghnniw","kayghnniw"
"nwa","kannwi","katnwi","katnwi","kaynwi","katnwi","kannwiw","katnwiw","kaynwiw"
"brrer","kanbrrer","katbrrer","katbrreri","kaybrrer","katbrrer","kanbrrero","katbrrero","kaybrrero"
"daf3","kandaf3","katdaf3","katdaf3i","kaydaf3","katdaf3","kandaf3o","katdaf3o","kaydaf3o"
"z3m","kanz3m","katz3m","katz3mi","kayz3m","katz3m","kanz3mo","katz3mo","kayz3mo"
"tsara7","kantsara7","kattsara7","kattsara7i","kaytsara7","kattsara7","kantsara7o","kattsara7o","kaytsara7o"
"7km","kan7km","kat7km","kat7kmi","kay7km","kat7km","kan7kmo","kat7kmo","kay7kmo"
"chark","kanchark","katchark","katcharki","kaychark","katchark","kancharko","katcharko","kaycharko"
"ghsl","kanghsl","katghsl","katghsli","kayghsl","katghsl","kanghslo","katghslo","kayghslo"
"la7D","kanla7D","katla7D","katla7Di","kayla7D","katla7D","kanla7Do","katla7Do","kayla7Do"
"khddm","kankhddm","katkhddm","katkhddmi","kaykhddm","katkhddm","kankhddmo","katkhddmo","kaykhddmo"
"jm3","kanjm3","katjm3","katjm3i","kayjm3","katjm3","kanjm3o","katjm3o","kayjm3o"
"l77","kanl77","katl77","katl77i","kayl77","katl77","kanl77o","katl77o","kayl77o"
"tla7","kantla7","kattla7","kattla7i","kaytla7","kattla7","kantla7o","kattla7o","kaytla7o"
"Tyyb","kanTyyb","katTyyb","katTyybi","kayTyyb","katTyyb","kanTyybo","katTyybo","kayTyybo"
"n3s","kann3s","katn3s","katn3si","kayn3s","katn3s","kann3so","katn3so","kayn3so"
"jm3","kanjm3","katjm3","katjm3i","kayjm3","katjm3","kanjm3o","katjm3o","kayjm3o"
"nsa7b","kannsa7b","katnsa7b","katnsa7bi","kaynsa7b","katnsa7b","kannsa7bo","katnsa7bo","kaynsa7bo"
"7ll","kan7ll","kat7ll","kat7lli","kay7ll","kat7ll","kan7llo","kat7llo","kay7llo"
"khbr","kankhbr","katkhbr","katkhbri","kaykhbr","katkhbr","kankhbro","katkhbro","kaykhbro"
"stalzem","kanstalzem","katstalzem","katstalzemi","kaystalzem","katstalzem","kanstalzemo","katstalzemo","kaystalzemo"
"tsllf","kantsllf","kattsllf","kattsllfi","kaytsllf","kattsllf","kantsllfo","kattsllfo","kaytsllfo"
"swwl","kanswwl","katswwl","katswwli","kayswwl","katswwl","kanswwlo","katswwlo","kayswwlo"
"khaTr","kankhaTr","katkhaTr","katkhaTri","kaykhaTr","katkhaTr","kankhaTro","katkhaTro","kaykhaTro"
"sm7","kansm7","katsm7","katsm7i","kaysm7","katsm7","kansm7o","katsm7o","kaysm7o"
"sam7","kansam7","katsam7","katsam7i","kaysam7","katsam7","kansam7o","katsam7o","kaysam7o"
"9tar7","kan9tar7","kat9tar7","kat9tar7i","kay9tar7","kat9tar7","kan9tar7o","kat9tar7o","kay9tar7o"
"7tafl","kan7tafl","kat7tafl","kat7tafli","kay7tafl","kat7tafl","kan7taflo","kat7taflo","kay7taflo"
"Dyy3","kanDyy3","katDyy3","katDyy3i","kayDyy3","katDyy3","kanDyy3o","katDyy3o","kayDyy3o"
"ghbr","kanghbr","katghbr","katghbri","kayghbr","katghbr","kanghbro","katghbro","kayghbro"
"tw993","kantw993","kattw993","kattw993i","kaytw993","kattw993","kantw993o","kattw993o","kaytw993o"
"ngr","kanngr","katngr","katngri","kayngr","katngr","kanngro","katngro","kayngro"
"9bT","kan9bT","kat9bT","kat9bTi","kay9bT","kat9bT","kan9bTo","kat9bTo","kay9bTo"
"gbD","kangbD","katgbD","katgbDi","kaygbD","katgbD","kangbDo","katgbDo","kaygbDo"
"7bes","kan7bes","kat7bes","kat7bsi","kay7bes","kat7bes","kan7bso","kat7bso","kay7bso"
"9yyd","kan9yyd","kat9yyd","kat9yydi","kay9yyd","kat9yyd","kan9yydo","kat9yydo","kay9yydo"
"wllf","kanwllf","katwllf","katwllfi","kaywllf","katwllf","kanwllfo","katwllfo","kaywllfo"
"khllT","kankhllT","katkhllT","katkhllTi","kaykhllT","katkhllT","kankhllTo","katkhllTo","kaykhllTo"
"gyyd","kangyyd","katgyyd","katgyydi","kaygyyd","katgyyd","kangyydo","katgyydo","kaygyydo"
"7rg","kan7rg","kat7rg","kat7rgi","kay7rg","kat7rg","kan7rgo","kat7rgo","kay7rgo"
"7r9","kan7r9","kat7r9","kat7r9i","kay7r9","kat7r9","kan7r9o","kat7r9o","kay7r9o"
"staghl","kanstaghl","katstaghl","katstaghli","kaystaghl","katstaghl","kanstaghlo","katstaghlo","kaystaghlo"
"7ddr","kan7ddr","kat7ddr","kat7ddri","kay7ddr","kat7ddr","kan7ddro","kat7ddro","kay7ddro"
"3ln","kan3ln","kat3ln","kat3lni","kay3ln","kat3ln","kan3lno","kat3lno","kay3lno"
"khtabr","kankhtabr","katkhtabr","katkhtabri","kaykhtabr","katkhtabr","kankhtabro","katkhtabro","kaykhtabro"
"tnffs","kantnffs","kattnffs","kattnffsi","kaytnffs","kattnffs","kantnffso","kattnffso","kaytnffso"
"Saad9","kanSaad9","katSaad9","katSaad9i","kaySaad9","katSaad9","kanSaad9o","katSaad9o","kaySaad9o"
"7tell","kan7tell","kat7tell","kat7telli","kay7tell","kat7tell","kan7tello","kat7tello","kay7tello"
"7arrar","kan7arrar","kat7arrar","kat7arrari","kay7arrar","kat7arrar","kan7arraro","kat7arraro","kay7arraro"
"btasm","kanbtasm","katbtasm","katbtasmi","kaybtasm","katbtasm","kanbtasmo","katbtasmo","kaybtasmo"
"7fr","kan7fr","kat7fr","kat7fri","kay7fr","kat7fr","kan7fro","kat7fro","kay7fro"
"7tarm","kan7tarm","kat7tarm","kat7tarmi","kay7tarm","kat7tarm","kan7tarmo","kat7tarmo","kay7tarmo"
"8dded","kan8dded","kat8dded","kat8ddedi","kay8dded","kat8dded","kan8ddedo","kat8ddedo","kay8ddedo"
"khzn","kankhzn","katkhzn","katkhzni","kaykhzn","katkhzn","kankhzno","katkhzno","kaykhzno"
"nDDm","kannDDm","katnDDm","katnDDmi","kaynDDm","katnDDm","kannDDmo","katnDDmo","kaynDDmo"
"nwwr","kannwwr","katnwwr","katnwwri","kaynwwr","katnwwr","kannwwro","katnwwro","kaynwwro"
"7lf","kan7lf","kat7lf","kat7lfi","kay7lf","kat7lf","kan7lfo","kat7lfo","kay7lfo"
"7lm","kan7lm","kat7lm","kat7lmi","kay7lm","kat7lm","kan7lmo","kat7lmo","kay7lmo"
"SrT","kanSrT","katSrT","katSrTi","kaySrT","katSrT","kanSrTo","katSrTo","kaySrTo"
"stab9","kanstab9","katstab9","katstab9i","kaystab9","katstab9","kanstab9o","katstab9o","kaystab9o"
"tta8m","kantta8m","kattta8m","kattta8mi","kaytta8m","kattta8m","kantta8mo","kattta8mo","kaytta8mo"
"ghwwt","kanghwwt","katghwwt","katghwwti","kayghwwt","katghwwt","kanghwwto","katghwwto","kayghwwto"
"2ttr","kan2ttr","kat2ttr","kat2ttri","kay2ttr","kat2ttr","kan2ttro","kat2ttro","kay2ttro"
"rttb","kanrttb","katrttb","katrttbi","kayrttb","katrttb","kanrttbo","katrttbo","kayrttbo"
"3ta9l","kan3ta9l","kat3ta9l","kat3ta9li","kay3ta9l","kat3ta9l","kan3ta9lo","kat3ta9lo","kay3ta9lo"
"nb7","kannb7","katnb7","katnb7i","kaynb7","katnb7","kannb7o","katnb7o","kaynb7o"
"t7aTT","kant7aTT","katt7aTT","katt7aTTi","kayt7aTT","katt7aTT","kant7aTTo","katt7aTTo","kayt7aTTo"
"khtalf","kankhtalf","katkhtalf","katkhtalfi","kaykhtalf","katkhtalf","kankhtalfo","katkhtalfo","kaykhtalfo"
"7tafD","kan7tafD","kat7tafD","kat7tafDi","kay7tafD","kat7tafD","kan7tafDo","kat7tafDo","kay7tafDo"
"jrr","kanjrr","katjrr","katjrri","kayjrr","katjrr","kanjrro","katjrro","kayjrro"
"df3","kandf3","katdf3","katdf3i","kaydf3","katdf3","kandf3o","katdf3o","kaydf3o"
"8zz","kan8zz","kat8zz","kat8zzi","kay8zz","kat8zz","kan8zzo","kat8zzo","kay8zzo"
"rj3","kanrj3","katrj3","katrj3i","kayrj3","katrj3","kanrj3o","katrj3o","kayrj3o"
"3rf","kan3rf","kat3rf","kat3rfi","kay3rf","kat3rf","kan3rfo","kat3rfo","kay3rfo"
"nsa","kannsa","katnsa","katnsay","kaynsa","katnsa","kannsaw","katnsaw","kaynsaw"
"wSf","kanwSf","katwSf","katwSfi","kaywSf","katwSf","kanwSfo","katwSfo","kaywSfo"
"trjm","kantrjm","kattrjm","kattrjmi","kaytrjm","kattrjm","kantrjmo","kattrjmo","kaytrjmo"
"w3ed","kanw3ed","katw3ed","katw3di","kayw3ed","katw3ed","kanw3do","katw3do","kayw3do"
"9llb","kan9llb","kat9llb","kat9llbi","kay9llb","kat9llb","kan9llbo","kat9llbo","kay9llbo"
"7bb","kan7bb","kat7bb","kat7bbi","kay7bb","kat7bb","kan7bbo","kat7bbo","kay7bbo"
"skn","kanskn","katskn","katskni","kayskn","katskn","kanskno","katskno","kayskno"
"khllS","kankhllS","katkhllS","katkhllSi","kaykhllS","katkhllS","kankhllSo","katkhllSo","kaykhllSo"
"sdd","kansdd","katsdd","katsddi","kaysdd","katsdd","kansddo","katsddo","kaysddo"
"w9f","kanw9f","katw9f","katw9fi","kayw9f","katw9f","kanw9fo","katw9fo","kayw9fo"
"stkhdm","kanstkhdm","katstkhdm","katstkhdmi","kaystkhdm","katstkhdm","kanstkhdmo","katstkhdmo","kaystkhdmo"
"stalm","kanstalm","katstalm","katstalmi","kaystalm","katstalm","kanstalmo","katstalmo","kaystalmo"
"fchl","kanfchl","katfchl","katfchli","kayfchl","katfchl","kanfchlo","katfchlo","kayfchlo"
"sbb","kansbb","katsbb","katsbbi","kaysbb","katsbb","kansbbo","katsbbo","kaysbbo"
"fD7","kanfD7","katfD7","katfD7i","kayfD7","katfD7","kanfD7o","katfD7o","kayfD7o"
"3tadr","kan3tadr","kat3tadr","kat3tadri","kay3tadr","kat3tadr","kan3tadro","kat3tadro","kay3tadro"
"3nng","kan3nng","kat3nng","kat3nngi","kay3nng","kat3nng","kan3nngo","kat3nngo","kay3nngo"
"ndm","kanndm","katndm","katndmi","kayndm","katndm","kanndmo","katndmo","kayndmo"
"t3wwd","kant3wwd","katt3wwd","katt3wwdi","kayt3wwd","katt3wwd","kant3wwdo","katt3wwdo","kayt3wwdo"
"3Tas","kan3Tas","kat3Tas","kat3Tsi","kay3Tas","kat3Tas","kan3Tso","kat3Tso","kay3Tso"
"k7ob","kank7ob","katk7ob","katk7bi","kayk7ob","katk7ob","kank7bo","katk7bo","kayk7bo"
"2ejjel","kan2ejjel","kat2ejjel","kat2ejjli","kay2ejjel","kat2ejjel","kan2ejjlo","kat2ejjlo","kay2ejjlo"
"t3awn","kant3awn","katt3awn","katt3awni","kayt3awn","katt3awn","kant3awno","katt3awno","kayt3awno"
"tbadl","kantbadl","kattbadl","kattbadli","kaytbadl","kattbadl","kantbadlo","kattbadlo","kaytbadlo"
"9aaT3","kan9aaT3","kat9aaT3","kat9aaT3i","kay9aaT3","kat9aaT3","kan9aaT3o","kat9aaT3o","kay9aaT3o"
"tTwwe3","kantTwwe3","kattTwwe3","kattTww3i","kaytTwwe3","kattTwwe3","kantTww3o","kattTww3o","kaytTww3o"
"9olb","kan9olb","kat9olb","kat9olbi","kay9olb","kat9olb","kan9olbo","kat9olbo","kay9olbo"
"tjnnb","kantjnnb","kattjnnb","kattjnnbi","kaytjnnb","kattjnnb","kantjnnbo","kattjnnbo","kaytjnnbo"
"8ml","kan8ml","kat8ml","kat8mli","kay8ml","kat8ml","kan8mlo","kat8mlo","kay8mlo"
"tla9a","kantla9a","kattla9a","kattla9ay","kaytla9a","kattla9a","kantla9aw","kattla9aw","kaytla9aw"
"tjsses","kantjsses","kattjsses","kattjssesi","kaytjsses","kattjsses","kantjsseso","kattjsseso","kaytjsseso"
"nta9m","kannta9m","katnta9m","katnta9mi","kaynta9m","katnta9m","kannta9mo","katnta9mo","kaynta9mo"
"dfn","kandfn","katdfn","katdfni","kaydfn","katdfn","kandfno","katdfno","kaydfno"
"ghlb","kanghlb","katghlb","katghlbi","kayghlb","katghlb","kanghlbo","katghlbo","kayghlbo"
"9der","kan9der","kat9der","kat9dri","kay9der","kat9der","kan9dro","kat9dro","kay9dro"
"7TT","kan7TT","kat7TT","kat7TTi","kay7TT","kat7TT","kan7TTo","kat7TTo","kay7TTo"
"ban","kanban","katban","katbani","kayban","katban","kanbano","katbano","kaybano"
"tDmmen","kantDmmen","kattDmmen","kattDmmni","kaytDmmen","kattDmmen","kantDmmno","kattDmmno","kaytDmmno"
"t7rrek","kant7rrek","katt7rrek","katt7rrki","kayt7rrek","katt7rrek","kant7rrko","katt7rrko","kayt7rrko"
"3tabr","kan3tabr","kat3tabr","kat3tabri","kay3tabr","kat3tabr","kan3tabro","kat3tabro","kay3tabro"
"tmenna","kantmenna","kattmenna","kattmennay","kaytmenna","kattmenna","kantmennaw","kattmennaw","kaytmennaw"
"ntej","kanntej","katntej","katntji","kayntej","katntej","kanntjo","katntjo","kayntjo"
"b9a","kanb9a","katb9a","katb9ay","kayb9a","katb9a","kanb9aw","katb9aw","kayb9aw"
"chdd","kanchdd","katchdd","katchddi","kaychdd","katchdd","kanchddo","katchddo","kaychddo"
"to99e3","kanto99e3","katto99e3","katto993i","kayto99e3","katto99e3","kanto993o","katto993o","kayto993o"
"Dmen","kanDmen","katDmen","katDmni","kayDmen","katDmen","kanDmno","katDmno","kayDmno"
"8ezz","kan8ezz","kat8ezz","kat8ezzi","kay8ezz","kat8ezz","kan8ezzo","kat8ezzo","kay8ezzo"
"3reD","kan3reD","kat3reD","kat3rDi","kay3reD","kat3reD","kan3rDo","kat3rDo","kay3rDo"
"d3em","kand3em","katd3em","katd3mi","kayd3em","katd3em","kand3mo","katd3mo","kayd3mo"
"hDer","kanhDer","kathDer","kathDri","kayhDer","kathDer","kanhDro","kathDro","kayhDro"
"b9a","kanb9a","katb9a","katb9ay","kayb9a","katb9a","kanb9aw","katb9aw","kayb9aw"
"w9ef","kanw9ef","katw9ef","katw9fi","kayw9ef","katw9ef","kanw9fo","katw9fo","kayw9fo"
"wgef","kanwgef","katwgef","katwgfi","kaywgef","katwgef","kanwgfo","katwgfo","kaywgfo"
"9tar7","kan9tar7","kat9tar7","kat9tar7i","kay9tar7","kat9tar7","kan9tar7o","kat9tar7o","kay9tar7o"
"Twwer","kanTwwer","katTwwer","katTwwri","kayTwwer","katTwwer","kanTwwro","katTwwro","kayTwwro"
"gles","kangles","katgles","katglsi","kaygles","katgles","kanglso","katglso","kayglso"
"gadd","kangadd","katgadd","katgaddi","kaygadd","katgadd","kangaddo","katgaddo","kaygaddo"
"Sawb","kanSawb","katSawb","katSawbi","kaySawb","katSawb","kanSawbo","katSawbo","kaySawbo"
"ttaf9","kanttaf9","katttaf9","katttaf9i","kayttaf9","katttaf9","kanttaf9o","katttaf9o","kayttaf9o"
"Tbbe9","kanTbbe9","katTbbe9","katTbb9i","kayTbbe9","katTbbe9","kanTbb9o","katTbb9o","kayTbb9o"
"kowwen","kankowwen","katkowwen","katkowwni","kaykowwen","katkowwen","kankowwno","katkowwno","kaykowwno"
"3bber","kan3bber","kat3bber","kat3bbri","kay3bber","kat3bber","kan3bbro","kat3bbro","kay3bbro"
"Dyye3","kanDyye3","katDyye3","katDyy3i","kayDyye3","katDyye3","kanDyy3o","katDyy3o","kayDyy3o"
"lta79","kanlta79","katlta79","katlta79i","kaylta79","katlta79","kanlta79o","katlta79o","kaylta79o"
"n99eS","kann99eS","katn99eS","katn99Si","kayn99eS","katn99eS","kann99So","katn99So","kayn99So"
"n9ed","kann9ed","katn9ed","katn9di","kayn9ed","katn9ed","kann9do","katn9do","kayn9do"
"tTelleb","kantTelleb","kattTelleb","kattTellbi","kaytTelleb","kattTelleb","kantTellbo","kattTellbo","kaytTellbo"
"799e9","kan799e9","kat799e9","kat799e9i","kay799e9","kat799e9","kan799e9o","kat799e9o","kay799e9o"
"t3amel","kant3amel","katt3amel","katt3amli","kayt3amel","katt3amel","kant3amlo","katt3amlo","kayt3amlo"
"twaj8","kantwaj8","kattwaj8","kattwaj8i","kaytwaj8","kattwaj8","kantwaj8o","kattwaj8o","kaytwaj8o"
"Twwer","kanTwwer","katTwwer","katTwwri","kayTwwer","katTwwer","kanTwwro","katTwwro","kayTwwro"
"rsem","kanrsem","katrsem","katrsmi","kayrsem","katrsem","kanrsmo","katrsmo","kayrsmo"
"t7errek","kant7errek","katt7errek","katt7errki","kayt7errek","katt7errek","kant7errko","katt7errko","kayt7errko"
"3zel","kan3zel","kat3zel","kat3zli","kay3zel","kat3zel","kan3zlo","kat3zlo","kay3zlo"
"kllef","kankllef","katkllef","katkllfi","kaykllef","katkllef","kankllfo","katkllfo","kaykllfo"
"br8en","kanbr8en","katbr8en","katbr8ni","kaybr8en","katbr8en","kanbr8no","katbr8no","kaybr8no"
"tna9ch","kantna9ch","kattna9ch","kattna9chi","kaytna9ch","kattna9ch","kantna9cho","kattna9cho","kaytna9cho"
"gabl","kangabl","katgabl","katgabli","kaygabl","katgabl","kangablo","katgablo","kaygablo"
"9Sed","kan9Sed","kat9Sed","kat9Sdi","kay9Sed","kat9Sed","kan9Sdo","kat9Sdo","kay9Sdo"
"9lleb","kan9lleb","kat9lleb","kat9llbi","kay9lleb","kat9lleb","kan9llbo","kat9llbo","kay9llbo"
"nfe3","kannfe3","katnfe3","katnf3i","kaynfe3","katnfe3","kannf3o","katnf3o","kaynf3o"
"9sem","kan9sem","kat9sem","kat9smi","kay9sem","kat9sem","kan9smo","kat9smo","kay9smo"
"nche2","kannche2","katnche2","katnch2i","kaynche2","katnche2","kannch2o","katnch2o","kaynch2o"
"2esses","kan2esses","kat2esses","kat2essesi","kay2esses","kat2esses","kan2esseso","kat2esseso","kay2esseso"
"t7kkem","kant7kkem","katt7kkem","katt7kkmi","kayt7kkem","katt7kkem","kant7kkmo","katt7kkmo","kayt7kkmo"
"jawb","kanjawb","katjawb","katjawbi","kayjawb","katjawb","kanjawbo","katjawbo","kayjawbo"
"7edded","kan7edded","kat7edded","kat7eddedi","kay7edded","kat7edded","kan7eddedo","kat7eddedo","kay7eddedo"
"mkken","kanmkken","katmkken","katmkkni","kaymkken","katmkken","kanmkkno","katmkkno","kaymkkno"
"Taalb","kanTaalb","katTaalb","katTaalbi","kayTaalb","katTaalb","kanTaalbo","katTaalbo","kayTaalbo"
"kseb","kankseb","katkseb","katksbi","kaykseb","katkseb","kanksbo","katksbo","kayksbo"
"mttel","kanmttel","katmttel","katmttli","kaymttel","katmttel","kanmttlo","katmttlo","kaymttlo"
"tDemmen","kantDemmen","kattDemmen","kattDemmni","kaytDemmen","kattDemmen","kantDemmno","kattDemmno","kaytDemmno"
"ghleb","kanghleb","katghleb","katghlbi","kayghleb","katghleb","kanghlbo","katghlbo","kayghlbo"
"tchTen","kantchTen","kattchTen","kattchTni","kaytchTen","kattchTen","kantchTno","kattchTno","kaytchTno"
"t7mmel","kant7mmel","katt7mmel","katt7mmli","kayt7mmel","katt7mmel","kant7mmlo","katt7mmlo","kayt7mmlo"
"sedd","kansedd","katsedd","katsddi","kaysedd","katsedd","kansddo","katsddo","kaysddo"
"tsa2el","kantsa2el","kattsa2el","kattsa2li","kaytsa2el","kattsa2el","kantsa2lo","kattsa2lo","kaytsa2lo"
"naaseb","kannaaseb","katnaaseb","katnaasbi","kaynaaseb","katnaaseb","kannaasbo","katnaasbo","kaynaasbo"
"t3elle9","kant3elle9","katt3elle9","katt3ell9i","kayt3elle9","katt3elle9","kant3ell9o","katt3ell9o","kayt3ell9o"
"7eTT","kan7eTT","kat7eTT","kat7TTi","kay7eTT","kat7eTT","kan7TTo","kat7TTo","kay7TTo"
"chmel","kanchmel","katchmel","katchmli","kaychmel","katchmel","kanchmlo","katchmlo","kaychmlo"
"ttaSel","kanttaSel","katttaSel","katttaSli","kayttaSel","katttaSel","kanttaSlo","katttaSlo","kayttaSlo"
"khdem","kankhdem","katkhdem","katkhdmi","kaykhdem","katkhdem","kankhdmo","katkhdmo","kaykhdmo"
"tSerref","kantSerref","kattSerref","kattSerrfi","kaytSerref","kattSerref","kantSerrfo","kattSerrfo","kaytSerrfo"
"t2e9lem","kant2e9lem","katt2e9lem","katt2e9lmi","kayt2e9lem","katt2e9lem","kant2e9lmo","katt2e9lmo","kayt2e9lmo"
"rbe7","kanrbe7","katrbe7","katrb7i","kayrbe7","katrbe7","kanrb7o","katrb7o","kayrb7o"
"f7eS","kanf7eS","katf7eS","katf7Si","kayf7eS","katf7eS","kanf7So","katf7So","kayf7So"
"redd","kanredd","katredd","katreddi","kayredd","katredd","kanreddo","katreddo","kayreddo"
"3tamd","kan3tamd","kat3tamd","kat3tamdi","kay3tamd","kat3tamd","kan3tamdo","kat3tamdo","kay3tamdo"
"kemmel","kankemmel","katkemmel","katkemmeli","kaykemmel","katkemmel","kankemmelo","katkemmelo","kaykemmelo"
"rtaf3","kanrtaf3","katrtaf3","katrtaf3i","kayrtaf3","katrtaf3","kanrtaf3o","katrtaf3o","kayrtaf3o"
"9ddem","kan9ddem","kat9ddem","kat9ddmi","kay9ddem","kat9ddem","kan9ddmo","kat9ddmo","kay9ddmo"
"rowwej","kanrowwej","katrowwej","katrowwji","kayrowwej","katrowwej","kanrowwjo","katrowwjo","kayrowwjo"
"chejje3","kanchejje3","katchejje3","katchejj3i","kaychejje3","katchejje3","kanchejj3o","katchejj3o","kaychejj3o"
"medded","kanmedded","katmedded","katmeddedi","kaymedded","katmedded","kanmeddedo","katmeddedo","kaymeddedo"
"khtalef","kankhtalef","katkhtalef","katkhtalefi","kaykhtalef","katkhtalef","kankhtalefo","katkhtalefo","kaykhtalefo"
"3elle9","kan3elle9","kat3elle9","kat3ell9i","kay3elle9","kat3elle9","kan3ell9o","kat3ell9o","kay3ell9o"
"Tyye7","kanTyye7","katTyye7","katTyy7i","kayTyye7","katTyye7","kanTyy7o","katTyy7o","kayTyy7o"
"bellegh","kanbellegh","katbellegh","katbellghi","kaybellegh","katbellegh","kanbellgho","katbellgho","kaybellgho"
"Sbb","kanSbb","katSbb","katSbbi","kaySbb","katSbb","kanSbbo","katSbbo","kaySbbo"
"khtaber","kankhtaber","katkhtaber","katkhtabri","kaykhtaber","katkhtaber","kankhtabro","katkhtabro","kaykhtabro"
"2emmen","kan2emmen","kat2emmen","kat2emmni","kay2emmen","kat2emmen","kan2emmno","kat2emmno","kay2emmno"
"Towwel","kanTowwel","katTowwel","katTowweli","kayTowwel","katTowwel","kanTowwelo","katTowwelo","kayTowwelo"
"waaf9","kanwaaf9","katwaaf9","katwaaf9i","kaywaaf9","katwaaf9","kanwaaf9o","katwaaf9o","kaywaaf9o"
"saa8em","kansaa8em","katsaa8em","katsaa8mi","kaysaa8em","katsaa8em","kansaa8mo","katsaa8mo","kaysaa8mo"
"medd","kanmedd","katmedd","katmddi","kaymedd","katmedd","kanmddo","katmddo","kaymddo"
"rtabeT","kanrtabeT","katrtabeT","katrtabTi","kayrtabeT","katrtabeT","kanrtabTo","katrtabTo","kayrtabTo"
"tghelleb","kantghelleb","kattghelleb","kattghellbi","kaytghelleb","kattghelleb","kantghellbo","kattghellbo","kaytghellbo"
"tkhelleS","kantkhelleS","kattkhelleS","kattkhellSi","kaytkhelleS","kattkhelleS","kantkhellSo","kattkhellSo","kaytkhellSo"
"7awel","kan7awel","kat7awel","kat7awli","kay7awel","kat7awel","kan7awlo","kat7awlo","kay7awlo"
"tkellef","kantkellef","kattkellef","kattkellfi","kaytkellef","kattkellef","kantkellfo","kattkellfo","kaytkellfo"
"jdeb","kanjdeb","katjdeb","katjdbi","kayjdeb","katjdeb","kanjdbo","katjdbo","kayjdbo"
"saa3d","kansaa3d","katsaa3d","katsaa3di","kaysaa3d","katsaa3d","kansaa3do","katsaa3do","kaysaa3do"
"3awen","kan3awen","kat3awen","kat3awni","kay3awen","kat3awen","kan3awno","kat3awno","kay3awno"
"2etter","kan2etter","kat2etter","kat2ettri","kay2etter","kat2etter","kan2ettro","kat2ettro","kay2ettro"
"jerreb","kanjerreb","katjerreb","katjerrbi","kayjerreb","katjerreb","kanjerrbo","katjerrbo","kayjerrbo"
"fkker","kanfkker","katfkker","katfkkri","kayfkker","katfkker","kanfkkro","katfkkro","kayfkkro"
"khaf","kankhaf","katkhaf","katkhafi","kaykhaf","katkhaf","kankhafo","katkhafo","kaykhafo"
"lSe9","kanlSe9","katlSe9","katlS9i","kaylSe9","katlSe9","kanlS9o","katlS9o","kaylS9o"
"swa","kanswa","katswa","katsway","kayswa","katswa","kanswaw","katswaw","kayswaw"
"rigl","kanrigl","katrigl","katrigli","kayrigl","katrigl","kanriglo","katriglo","kayriglo"
"9aaren","kan9aaren","kat9aaren","kat9aarni","kay9aaren","kat9aaren","kan9aarno","kat9aarno","kay9aarno"
"7seb","kan7seb","kat7seb","kat7sbi","kay7seb","kat7seb","kan7sbo","kat7sbo","kay7sbo"
"7e99e9","kan7e99e9","kat7e99e9","kat7e99e9i","kay7e99e9","kat7e99e9","kan7e99e9o","kat7e99e9o","kay7e99e9o"
"sjjel","kansjjel","katsjjel","katsjjli","kaysjjel","katsjjel","kansjjlo","katsjjlo","kaysjjlo"
"chjjel","kanchjjel","katchjjel","katchjjli","kaychjjel","katchjjel","kanchjjlo","katchjjlo","kaychjjlo"
"ktachf","kanktachf","katktachf","katktachfi","kayktachf","katktachf","kanktachfo","katktachfo","kayktachfo"
"wSSel","kanwSSel","katwSSel","katwSSli","kaywSSel","katwSSel","kanwSSlo","katwSSlo","kaywSSlo"
"chre3","kanchre3","katchre3","katchr3i","kaychre3","katchre3","kanchr3o","katchr3o","kaychr3o"
"brzeT","kanbrzeT","katbrzeT","katbrzTi","kaybrzeT","katbrzeT","kanbrzTo","katbrzTo","kaybrzTo"
"freD","kanfreD","katfreD","katfrDi","kayfreD","katfreD","kanfrDo","katfrDo","kayfrDo"
"3ta9ed","kan3ta9ed","kat3ta9ed","kat3ta9di","kay3ta9ed","kat3ta9ed","kan3ta9do","kat3ta9do","kay3ta9do"
"3zem","kan3zem","kat3zem","kat3zmi","kay3zem","kat3zem","kan3zmo","kat3zmo","kay3zmo"
"nSe7","kannSe7","katnSe7","katnS7i","kaynSe7","katnSe7","kannS7o","katnS7o","kaynS7o"
"ktaseb","kanktaseb","katktaseb","katktasbi","kayktaseb","katktaseb","kanktasbo","katktasbo","kayktasbo"
"strje3","kanstrje3","katstrje3","katstrj3i","kaystrje3","katstrje3","kanstrj3o","katstrj3o","kaystrj3o"
"tmiyyez","kantmiyyez","kattmiyyez","kattmiyyzi","kaytmiyyez","kattmiyyez","kantmiyyzo","kattmiyyzo","kaytmiyyzo"
"chtabe8","kanchtabe8","katchtabe8","katchtab8i","kaychtabe8","katchtabe8","kanchtab8o","katchtab8o","kaychtab8o"
"mowwel","kanmowwel","katmowwel","katmowwli","kaymowwel","katmowwel","kanmowwlo","katmowwlo","kaymowwlo"
"8dem","kan8dem","kat8dem","kat8dmi","kay8dem","kat8dem","kan8dmo","kat8dmo","kay8dmo"
"rDa","kanrDa","katrDa","katrDay","kayrDa","katrDa","kanrDaw","katrDaw","kayrDaw"
"tnafs","kantnafs","kattnafs","kattnafsi","kaytnafs","kattnafs","kantnafso","kattnafso","kaytnafso"
"9aawem","kan9aawem","kat9aawem","kat9aawmi","kay9aawem","kat9aawem","kan9aawmo","kat9aawmo","kay9aawmo"
"laa2em","kanlaa2em","katlaa2em","katlaa2mi","kaylaa2em","katlaa2em","kanlaa2mo","katlaa2mo","kaylaa2mo"
"khaaTeb","kankhaaTeb","katkhaaTeb","katkhaaTbi","kaykhaaTeb","katkhaaTeb","kankhaaTbo","katkhaaTbo","kaykhaaTbo"
"naachd","kannaachd","katnaachd","katnaachdi","kaynaachd","katnaachd","kannaachdo","katnaachdo","kaynaachdo"
"Tle9","kanTle9","katTle9","katTl9i","kayTle9","katTle9","kanTl9o","katTl9o","kayTl9o"
"frez","kanfrez","katfrez","katfrzi","kayfrez","katfrez","kanfrzo","katfrzo","kayfrzo"
"2amer","kan2amer","kat2amer","kat2amri","kay2amer","kat2amer","kan2amro","kat2amro","kay2amro"
"8jem","kan8jem","kat8jem","kat8jmi","kay8jem","kat8jem","kan8jmo","kat8jmo","kay8jmo"
"twesse3","kantwesse3","kattwesse3","kattwess3i","kaytwesse3","kattwesse3","kantwess3o","kattwess3o","kaytwess3o"
"tkerkeb","kantkerkeb","kattkerkeb","kattkerkbi","kaytkerkeb","kattkerkeb","kantkerkbo","kattkerkbo","kaytkerkbo"
"nfajer","kannfajer","katnfajer","katnfajri","kaynfajer","katnfajer","kannfajro","katnfajro","kaynfajro"
"t3e88ed","kant3e88ed","katt3e88ed","katt3e88di","kayt3e88ed","katt3e88ed","kant3e88do","katt3e88do","kayt3e88do"
"dkker","kandkker","katdkker","katdkkri","kaydkker","katdkker","kandkkro","katdkkro","kaydkkro"
"fekker","kanfekker","katfekker","katfekkri","kayfekker","katfekker","kanfekkro","katfekkro","kayfekkro"
"n8ej","kann8ej","katn8ej","katn8ji","kayn8ej","katn8ej","kann8jo","katn8jo","kayn8jo"
"rejje3","kanrejje3","katrejje3","katrejj3i","kayrejje3","katrejje3","kanrejj3o","katrejj3o","kayrejj3o"
"Sder","kanSder","katSder","katSdri","kaySder","katSder","kanSdro","katSdro","kaySdro"
"gleb","kangleb","katgleb","katglbi","kaygleb","katgleb","kanglbo","katglbo","kayglbo"
"stetmer","kanstetmer","katstetmer","katstetmri","kaystetmer","katstetmer","kanstetmro","katstetmro","kaystetmro"
"weDDe7","kanweDDe7","katweDDe7","katweDD7i","kayweDDe7","katweDDe7","kanweDD7o","katweDD7o","kayweDD7o"
"mlek","kanmlek","katmlek","katmlki","kaymlek","katmlek","kanmlko","katmlko","kaymlko"
"t7edda","kant7edda","katt7edda","katt7edday","kayt7edda","katt7edda","kant7eddaw","katt7eddaw","kayt7eddaw"
"7aawer","kan7aawer","kat7aawer","kat7aawri","kay7aawer","kat7aawer","kan7aawro","kat7aawro","kay7aawro"
"tselle9","kantselle9","kattselle9","kattsell9i","kaytselle9","kattselle9","kantsell9o","kattsell9o","kaytsell9o"
"fSel","kanfSel","katfSel","katfSli","kayfSel","katfSel","kanfSlo","katfSlo","kayfSlo"
"7aafD","kan7aafD","kat7aafD","kat7aafDi","kay7aafD","kat7aafD","kan7aafDo","kat7aafDo","kay7aafDo"
"7wwel","kan7wwel","kat7wwel","kat7wwli","kay7wwel","kat7wwel","kan7wwlo","kat7wwlo","kay7wwlo"
"stentej","kanstentej","katstentej","katstentji","kaystentej","katstentej","kanstentjo","katstentjo","kaystentjo"
"7essen","kan7essen","kat7essen","kat7essni","kay7essen","kat7essen","kan7essno","kat7essno","kay7essno"
"ra9b","kanra9b","katra9b","katra9bi","kayra9b","katra9b","kanra9bo","katra9bo","kayra9bo"
"b7et","kanb7et","katb7et","katb7ti","kayb7et","katb7et","kanb7to","katb7to","kayb7to"
"stow3eb","kanstow3eb","katstow3eb","katstow3bi","kaystow3eb","katstow3eb","kanstow3bo","katstow3bo","kaystow3bo"
"chTe7","kanchTe7","katchTe7","katchT7i","kaychTe7","katchTe7","kanchT7o","katchT7o","kaychT7o"
"zle9","kanzle9","katzle9","katzl9i","kayzle9","katzle9","kanzl9o","katzl9o","kayzl9o"
"rtakb","kanrtakb","katrtakb","katrtakbi","kayrtakb","katrtakb","kanrtakbo","katrtakbo","kayrtakbo"
"steb3ed","kansteb3ed","katsteb3ed","katsteb3di","kaysteb3ed","katsteb3ed","kansteb3do","katsteb3do","kaysteb3do"
"3der","kan3der","kat3der","kat3dri","kay3der","kat3der","kan3dro","kat3dro","kay3dro"
"fsser","kanfsser","katfsser","katfssri","kayfsser","katfsser","kanfssro","katfssro","kayfssro"
"tfawD","kantfawD","kattfawD","kattfawDi","kaytfawD","kattfawD","kantfawDo","kattfawDo","kaytfawDo"
"7ellel","kan7ellel","kat7ellel","kat7elleli","kay7ellel","kat7ellel","kan7ellelo","kat7ellelo","kay7ellelo"
"mtedd","kanmtedd","katmtedd","katmteddi","kaymtedd","katmtedd","kanmteddo","katmteddo","kaymteddo"
"t9elle9","kant9elle9","katt9elle9","katt9ell9i","kayt9elle9","katt9elle9","kant9ell9o","katt9ell9o","kayt9ell9o"
"2e88el","kan2e88el","kat2e88el","kat2e88li","kay2e88el","kat2e88el","kan2e88lo","kat2e88lo","kay2e88lo"
"khsser","kankhsser","katkhsser","katkhssri","kaykhsser","katkhsser","kankhssro","katkhssro","kaykhssro"
"Sbegh","kanSbegh","katSbegh","katSbghi","kaySbegh","katSbegh","kanSbgho","katSbgho","kaySbgho"
"mne7","kanmne7","katmne7","katmn7i","kaymne7","katmne7","kanmn7o","katmn7o","kaymn7o"
"sellef","kansellef","katsellef","katsellfi","kaysellef","katsellef","kansellfo","katsellfo","kaysellfo"
"tfa3l","kantfa3l","kattfa3l","kattfa3li","kaytfa3l","kattfa3l","kantfa3lo","kattfa3lo","kaytfa3lo"
"sta7e99","kansta7e99","katsta7e99","katsta799i","kaysta7e99","katsta7e99","kansta799o","katsta799o","kaysta799o"
"tre22es","kantre22es","kattre22es","kattre22si","kaytre22es","kattre22es","kantre22so","kattre22so","kaytre22so"
"wjje8","kanwjje8","katwjje8","katwjj8i","kaywjje8","katwjje8","kanwjj8o","katwjj8o","kaywjj8o"
"8beT","kan8beT","kat8beT","kat8bTi","kay8beT","kat8beT","kan8bTo","kat8bTo","kay8bTo"
"tkebbed","kantkebbed","kattkebbed","kattkebbdi","kaytkebbed","kattkebbed","kantkebbdo","kattkebbdo","kaytkebbdo"
"tkowwen","kantkowwen","kattkowwen","kattkowwni","kaytkowwen","kattkowwen","kantkowwno","kattkowwno","kaytkowwno"
"3Sef","kan3Sef","kat3Sef","kat3Sfi","kay3Sef","kat3Sef","kan3Sfo","kat3Sfo","kay3Sfo"
"rched","kanrched","katrched","katrchdi","kayrched","katrched","kanrchdo","katrchdo","kayrchdo"
"9ne3","kan9ne3","kat9ne3","kat9n3i","kay9ne3","kat9ne3","kan9n3o","kat9n3o","kay9n3o"
"maars","kanmaars","katmaars","katmaarsi","kaymaars","katmaars","kanmaarso","katmaarso","kaymaarso"
"do99","kando99","katdo99","katdo99i","kaydo99","katdo99","kando99o","katdo99o","kaydo99o"
"tkhella","kantkhella","kattkhella","kattkhellay","kaytkhella","kattkhella","kantkhellaw","kattkhellaw","kaytkhellaw"
"jaweb","kanjaweb","katjaweb","katjawbi","kayjaweb","katjaweb","kanjawbo","katjawbo","kayjawbo"
"tDaa8er","kantDaa8er","kattDaa8er","kattDaa8ri","kaytDaa8er","kattDaa8er","kantDaa8ro","kattDaa8ro","kaytDaa8ro"
"chawer","kanchawer","katchawer","katchawri","kaychawer","katchawer","kanchawro","katchawro","kaychawro"
"nkhareT","kannkhareT","katnkhareT","katnkharTi","kaynkhareT","katnkhareT","kannkharTo","katnkharTo","kaynkharTo"
"7kem","kan7kem","kat7kem","kat7kmi","kay7kem","kat7kem","kan7kmo","kat7kmo","kay7kmo"
"3aalj","kan3aalj","kat3aalj","kat3aalji","kay3aalj","kat3aalj","kan3aaljo","kat3aaljo","kay3aaljo"
"jessed","kanjessed","katjessed","katjessdi","kayjessed","katjessed","kanjessdo","katjessdo","kayjessdo"
"7Ser","kan7Ser","kat7Ser","kat7Sri","kay7Ser","kat7Ser","kan7Sro","kat7Sro","kay7Sro"
"zowwel","kanzowwel","katzowwel","katzowwli","kayzowwel","katzowwel","kanzowwlo","katzowwlo","kayzowwlo"
"7owwel","kan7owwel","kat7owwel","kat7owwli","kay7owwel","kat7owwel","kan7owwlo","kat7owwlo","kay7owwlo"
"t9a3d","kant9a3d","katt9a3d","katt9a3di","kayt9a3d","katt9a3d","kant9a3do","katt9a3do","kayt9a3do"
"DbeT","kanDbeT","katDbeT","katDbTi","kayDbeT","katDbeT","kanDbTo","katDbTo","kayDbTo"
"s88el","kans88el","kats88el","kats88li","kays88el","kats88el","kans88lo","kats88lo","kays88lo"
"kobb","kankobb","katkobb","katkobbi","kaykobb","katkobb","kankobbo","katkobbo","kaykobbo"
"Sebb","kanSebb","katSebb","katSebbi","kaySebb","katSebb","kanSebbo","katSebbo","kaySebbo"
"nsej","kannsej","katnsej","katnsji","kaynsej","katnsej","kannsjo","katnsjo","kaynsjo"
"sejjel","kansejjel","katsejjel","katsejjli","kaysejjel","katsejjel","kansejjlo","katsejjlo","kaysejjlo"
"7ffez","kan7ffez","kat7ffez","kat7ffzi","kay7ffez","kat7ffez","kan7ffzo","kat7ffzo","kay7ffzo"
"Tbe3","kanTbe3","katTbe3","katTb3i","kayTbe3","katTbe3","kanTb3o","katTb3o","kayTb3o"
"twetter","kantwetter","kattwetter","kattwettri","kaytwetter","kattwetter","kantwettro","kattwettro","kaytwettro"
"3yyen","kan3yyen","kat3yyen","kat3yyni","kay3yyen","kat3yyen","kan3yyno","kat3yyno","kay3yyno"
"tdkhkhel","kantdkhkhel","kattdkhkhel","kattdkhkhli","kaytdkhkhel","kattdkhkhel","kantdkhkhlo","kattdkhkhlo","kaytdkhkhlo"
"3tarD","kan3tarD","kat3tarD","kat3tarDi","kay3tarD","kat3tarD","kan3tarDo","kat3tarDo","kay3tarDo"
"dfe3","kandfe3","katdfe3","katdf3i","kaydfe3","katdfe3","kandf3o","katdf3o","kaydf3o"
"ysser","kanysser","katysser","katyssri","kayysser","katysser","kanyssro","katyssro","kayyssro"
"7taj","kan7taj","kat7taj","kat7taji","kay7taj","kat7taj","kan7tajo","kat7tajo","kay7tajo"
"3god","kan3god","kat3god","kat3gdi","kay3god","kat3god","kan3gdo","kat3gdo","kay3gdo"
"9tabs","kan9tabs","kat9tabs","kat9tabsi","kay9tabs","kat9tabs","kan9tabso","kat9tabso","kay9tabso"
"syTer","kansyTer","katsyTer","katsyTri","kaysyTer","katsyTer","kansyTro","katsyTro","kaysyTro"
"3jeb","kan3jeb","kat3jeb","kat3jbi","kay3jeb","kat3jeb","kan3jbo","kat3jbo","kay3jbo"
"Semmem","kanSemmem","katSemmem","katSemmemi","kaySemmem","katSemmem","kanSemmemo","katSemmemo","kaySemmemo"
"Tlle3","kanTlle3","katTlle3","katTll3i","kayTlle3","katTlle3","kanTll3o","katTll3o","kayTll3o"
"sta9al","kansta9al","katsta9al","katsta9li","kaysta9al","katsta9al","kansta9lo","katsta9lo","kaysta9lo"
"t8ejja","kant8ejja","katt8ejja","katt8ejjay","kayt8ejja","katt8ejja","kant8ejjaw","katt8ejjaw","kayt8ejjaw"
"7errek","kan7errek","kat7errek","kat7errki","kay7errek","kat7errek","kan7errko","kat7errko","kay7errko"
"9dder","kan9dder","kat9dder","kat9ddri","kay9dder","kat9dder","kan9ddro","kat9ddro","kay9ddro"
"Dreb","kanDreb","katDreb","katDrbi","kayDreb","katDreb","kanDrbo","katDrbo","kayDrbo"
"rkel","kanrkel","katrkel","katrkli","kayrkel","katrkel","kanrklo","katrklo","kayrklo"
"3dded","kan3dded","kat3dded","kat3ddedi","kay3dded","kat3dded","kan3ddedo","kat3ddedo","kay3ddedo"
"lbes","kanlbes","katlbes","katlbsi","kaylbes","katlbes","kanlbso","katlbso","kaylbso"
"2ekked","kan2ekked","kat2ekked","kat2ekkdi","kay2ekked","kat2ekked","kan2ekkdo","kat2ekkdo","kay2ekkdo"
"stamdd","kanstamdd","katstamdd","katstamddi","kaystamdd","katstamdd","kanstamddo","katstamddo","kaystamddo"
"wDDe7","kanwDDe7","katwDDe7","katwDD7i","kaywDDe7","katwDDe7","kanwDD7o","katwDD7o","kaywDD7o"
"nsekh","kannsekh","katnsekh","katnskhi","kaynsekh","katnsekh","kannskho","katnskho","kaynskho"
"fDDel","kanfDDel","katfDDel","katfDDli","kayfDDel","katfDDel","kanfDDlo","katfDDlo","kayfDDlo"
"9beT","kan9beT","kat9beT","kat9bTi","kay9beT","kat9beT","kan9bTo","kat9bTo","kay9bTo"
"3zzez","kan3zzez","kat3zzez","kat3zzezi","kay3zzez","kat3zzez","kan3zzezo","kat3zzezo","kay3zzezo"
"fhem","kanfhem","katfhem","katfhmi","kayfhem","katfhem","kanfhmo","katfhmo","kayfhmo"
"ghaader","kanghaader","katghaader","katghaadri","kayghaader","katghaader","kanghaadro","katghaadro","kayghaadro"
"raaf9","kanraaf9","katraaf9","katraaf9i","kayraaf9","katraaf9","kanraaf9o","katraaf9o","kayraaf9o"
"S77e7","kanS77e7","katS77e7","katS77e7i","kayS77e7","katS77e7","kanS77e7o","katS77e7o","kayS77e7o"
"3owweD","kan3owweD","kat3owweD","kat3owwDi","kay3owweD","kat3owweD","kan3owwDo","kat3owwDo","kay3owwDo"
"sre9","kansre9","katsre9","katsr9i","kaysre9","katsre9","kansr9o","katsr9o","kaysr9o"
"chfer","kanchfer","katchfer","katchfri","kaychfer","katchfer","kanchfro","katchfro","kaychfro"
"9owweD","kan9owweD","kat9owweD","kat9owwDi","kay9owweD","kat9owweD","kan9owwDo","kat9owwDo","kay9owwDo"
"3aareD","kan3aareD","kat3aareD","kat3aarDi","kay3aareD","kat3aareD","kan3aarDo","kat3aarDo","kay3aarDo"
"zreb","kanzreb","katzreb","katzrbi","kayzreb","katzreb","kanzrbo","katzrbo","kayzrbo"
"ncher","kanncher","katncher","katnchri","kayncher","katncher","kannchro","katnchro","kaynchro"
"tbaT2","kantbaT2","kattbaT2","kattbaT2i","kaytbaT2","kattbaT2","kantbaT2o","kattbaT2o","kaytbaT2o"
"8emm","kan8emm","kat8emm","kat8emmi","kay8emm","kat8emm","kan8emmo","kat8emmo","kay8emmo"
"rfeD","kanrfeD","katrfeD","katrfDi","kayrfeD","katrfeD","kanrfDo","katrfDo","kayrfDo"
"rkkez","kanrkkez","katrkkez","katrkkzi","kayrkkez","katrkkez","kanrkkzo","katrkkzo","kayrkkzo"
"Taabe9","kanTaabe9","katTaabe9","katTaab9i","kayTaabe9","katTaabe9","kanTaab9o","katTaab9o","kayTaab9o"
"zrreb","kanzrreb","katzrreb","katzrrbi","kayzrreb","katzrreb","kanzrrbo","katzrrbo","kayzrrbo"
"ghre9","kanghre9","katghre9","katghr9i","kayghre9","katghre9","kanghr9o","katghr9o","kayghr9o"
"ntaz3","kanntaz3","katntaz3","katntaz3i","kayntaz3","katntaz3","kanntaz3o","katntaz3o","kayntaz3o"
"7tejj","kan7tejj","kat7tejj","kat7tejji","kay7tejj","kat7tejj","kan7tejjo","kat7tejjo","kay7tejjo"
"waazen","kanwaazen","katwaazen","katwaazni","kaywaazen","katwaazen","kanwaazno","katwaazno","kaywaazno"
"tbbet","kantbbet","kattbbet","kattbbti","kaytbbet","kattbbet","kantbbto","kattbbto","kaytbbto"
"Towwer","kanTowwer","katTowwer","katTowwri","kayTowwer","katTowwer","kanTowwro","katTowwro","kayTowwro"
"Tred","kanTred","katTred","katTrdi","kayTred","katTred","kanTrdo","katTrdo","kayTrdo"
"tdffe9","kantdffe9","kattdffe9","kattdff9i","kaytdffe9","kattdffe9","kantdff9o","kattdff9o","kaytdff9o"
"jerr","kanjerr","katjerr","katjerri","kayjerr","katjerr","kanjerro","katjerro","kayjerro"
"tTaab9","kantTaab9","kattTaab9","kattTaab9i","kaytTaab9","kattTaab9","kantTaab9o","kattTaab9o","kaytTaab9o"
"chkkel","kanchkkel","katchkkel","katchkkli","kaychkkel","katchkkel","kanchkklo","katchkklo","kaychkklo"
"tt3jeb","kantt3jeb","kattt3jeb","kattt3jbi","kaytt3jeb","kattt3jeb","kantt3jbo","kattt3jbo","kaytt3jbo"
"khffef","kankhffef","katkhffef","katkhffefi","kaykhffef","katkhffef","kankhffefo","katkhffefo","kaykhffefo"
"3kes","kan3kes","kat3kes","kat3ksi","kay3kes","kat3kes","kan3kso","kat3kso","kay3kso"
"ndamj","kanndamj","katndamj","katndamji","kayndamj","katndamj","kanndamjo","katndamjo","kayndamjo"
"7iyyen","kan7iyyen","kat7iyyen","kat7iyyni","kay7iyyen","kat7iyyen","kan7iyyno","kat7iyyno","kay7iyyno"
"ghiyyer","kanghiyyer","katghiyyer","katghiyyri","kayghiyyer","katghiyyer","kanghiyyro","katghiyyro","kayghiyyro"
"2amer","kan2amer","kat2amer","kat2amri","kay2amer","kat2amer","kan2amro","kat2amro","kay2amro"
"mtatel","kanmtatel","katmtatel","katmtatli","kaymtatel","katmtatel","kanmtatlo","katmtatlo","kaymtatlo"
"stkhrej","kanstkhrej","katstkhrej","katstkhrji","kaystkhrej","katstkhrej","kanstkhrjo","katstkhrjo","kaystkhrjo"
"3aarD","kan3aarD","kat3aarD","kat3aarDi","kay3aarD","kat3aarD","kan3aarDo","kat3aarDo","kay3aarDo"
"ste2nef","kanste2nef","katste2nef","katste2nfi","kayste2nef","katste2nef","kanste2nfo","katste2nfo","kayste2nfo"
"stanef","kanstanef","katstanef","katstanfi","kaystanef","katstanef","kanstanfo","katstanfo","kaystanfo"
"tze3lel","kantze3lel","kattze3lel","kattze3leli","kaytze3lel","kattze3lel","kantze3lelo","kattze3lelo","kaytze3lelo"
"sllem","kansllem","katsllem","katsllmi","kaysllem","katsllem","kansllmo","katsllmo","kaysllmo"
"waaj8","kanwaaj8","katwaaj8","katwaaj8i","kaywaaj8","katwaaj8","kanwaaj8o","katwaaj8o","kaywaaj8o"
"Doubl","kanDoubl","katDoubl","katDoubli","kayDoubl","katDoubl","kanDoublo","katDoublo","kayDoublo"
"chtamel","kanchtamel","katchtamel","katchtamli","kaychtamel","katchtamel","kanchtamlo","katchtamlo","kaychtamlo"
"ch8ed","kanch8ed","katch8ed","katch8di","kaych8ed","katch8ed","kanch8do","katch8do","kaych8do"
"ghres","kanghres","katghres","katghrsi","kayghres","katghres","kanghrso","katghrso","kayghrso"
"jzem","kanjzem","katjzem","katjzmi","kayjzem","katjzem","kanjzmo","katjzmo","kayjzmo"
"kchef","kankchef","katkchef","katkchfi","kaykchef","katkchef","kankchfo","katkchfo","kaykchfo"
"3Ser","kan3Ser","kat3Ser","kat3Sri","kay3Ser","kat3Ser","kan3Sro","kat3Sro","kay3Sro"
"bjegh","kanbjegh","katbjegh","katbjghi","kaybjegh","katbjegh","kanbjgho","katbjgho","kaybjgho"
"rbeT","kanrbeT","katrbeT","katrbTi","kayrbeT","katrbeT","kanrbTo","katrbTo","kayrbTo"
"Derr","kanDerr","katDerr","katDerri","kayDerr","katDerr","kanDerro","katDerro","kayDerro"
"Tleb","kanTleb","katTleb","katTlbi","kayTleb","katTleb","kanTlbo","katTlbo","kayTlbo"
"khddem","kankhddem","katkhddem","katkhddmi","kaykhddem","katkhddem","kankhddmo","katkhddmo","kaykhddmo"
"t3awen","kant3awen","katt3awen","katt3awni","kayt3awen","katt3awen","kant3awno","katt3awno","kayt3awno"
"sre7","kansre7","katsre7","katsr7i","kaysre7","katsre7","kansr7o","katsr7o","kaysr7o"
"chdded","kanchdded","katchdded","katchddedi","kaychdded","katchdded","kanchddedo","katchddedo","kaychddedo"
"3ber","kan3ber","kat3ber","kat3bri","kay3ber","kat3ber","kan3bro","kat3bro","kay3bro"
"wzen","kanwzen","katwzen","katwzni","kaywzen","katwzen","kanwzno","katwzno","kaywzno"
"tzaamn","kantzaamn","kattzaamn","kattzaamni","kaytzaamn","kattzaamn","kantzaamno","kattzaamno","kaytzaamno"
"nDDem","kannDDem","katnDDem","katnDDmi","kaynDDem","katnDDem","kannDDmo","katnDDmo","kaynDDmo"
"rffe8","kanrffe8","katrffe8","katrff8i","kayrffe8","katrffe8","kanrff8o","katrff8o","kayrff8o"
"twe99e3","kantwe99e3","kattwe99e3","kattwe993i","kaytwe99e3","kattwe99e3","kantwe993o","kattwe993o","kaytwe993o"
"Sdder","kanSdder","katSdder","katSddri","kaySdder","katSdder","kanSddro","katSddro","kaySddro"
"le77","kanle77","katle77","katle77i","kayle77","katle77","kanle77o","katle77o","kayle77o"
"skhkhen","kanskhkhen","katskhkhen","katskhkhni","kayskhkhen","katskhkhen","kanskhkhno","katskhkhno","kayskhkhno"
"dffa","kandffa","katdffa","katdffay","kaydffa","katdffa","kandffaw","katdffaw","kaydffaw"
"sme7","kansme7","katsme7","katsm7i","kaysme7","katsme7","kansm7o","katsm7o","kaysm7o"
"Tmmer","kanTmmer","katTmmer","katTmmri","kayTmmer","katTmmer","kanTmmro","katTmmro","kayTmmro"
"khDe3","kankhDe3","katkhDe3","katkhD3i","kaykhDe3","katkhDe3","kankhD3o","katkhD3o","kaykhD3o"
"b8er","kanb8er","katb8er","katb8ri","kayb8er","katb8er","kanb8ro","katb8ro","kayb8ro"
"nkhafD","kannkhafD","katnkhafD","katnkhafDi","kaynkhafD","katnkhafD","kannkhafDo","katnkhafDo","kaynkhafDo"
"frek","kanfrek","katfrek","katfrki","kayfrek","katfrek","kanfrko","katfrko","kayfrko"
"wkkel","kanwkkel","katwkkel","katwkkli","kaywkkel","katwkkel","kanwkklo","katwkklo","kaywkklo"
"wzze3","kanwzze3","katwzze3","katwzz3i","kaywzze3","katwzze3","kanwzz3o","katwzz3o","kaywzz3o"
"khlleS","kankhlleS","katkhlleS","katkhllSi","kaykhlleS","katkhlleS","kankhllSo","katkhllSo","kaykhllSo"
"rjje3","kanrjje3","katrjje3","katrjj3i","kayrjje3","katrjje3","kanrjj3o","katrjj3o","kayrjj3o"
"9ellel","kan9ellel","kat9ellel","kat9elleli","kay9ellel","kat9ellel","kan9ellelo","kat9ellelo","kay9ellelo"
"w99ef","kanw99ef","katw99ef","katw99fi","kayw99ef","katw99ef","kanw99fo","katw99fo","kayw99fo"
"z3ej","kanz3ej","katz3ej","katz3ji","kayz3ej","katz3ej","kanz3jo","katz3jo","kayz3jo"
"3eDD","kan3eDD","kat3eDD","kat3DDi","kay3eDD","kat3eDD","kan3DDo","kat3DDo","kay3DDo"
"t9ddem","kant9ddem","katt9ddem","katt9ddmi","kayt9ddem","katt9ddem","kant9ddmo","katt9ddmo","kayt9ddmo"
"kerres","kankerres","katkerres","katkerrsi","kaykerres","katkerres","kankerrso","katkerrso","kaykerrso"
"stafzz","kanstafzz","katstafzz","katstafzzi","kaystafzz","katstafzz","kanstafzzo","katstafzzo","kaystafzzo"
"Tem2en","kanTem2en","katTem2en","katTem2ni","kayTem2en","katTem2en","kanTem2no","katTem2no","kayTem2no"
"t2emmel","kant2emmel","katt2emmel","katt2emmli","kayt2emmel","katt2emmel","kant2emmlo","katt2emmlo","kayt2emmlo"
"7dder","kan7dder","kat7dder","kat7ddri","kay7dder","kat7dder","kan7ddro","kat7ddro","kay7ddro"
"tfa3el","kantfa3el","kattfa3el","kattfa3li","kaytfa3el","kattfa3el","kantfa3lo","kattfa3lo","kaytfa3lo"
"btaker","kanbtaker","katbtaker","katbtakri","kaybtaker","katbtaker","kanbtakro","katbtakro","kaybtakro"
"3aan9","kan3aan9","kat3aan9","kat3aan9i","kay3aan9","kat3aan9","kan3aan9o","kat3aan9o","kay3aan9o"
"dowweb","kandowweb","katdowweb","katdowwbi","kaydowweb","katdowweb","kandowwbo","katdowwbo","kaydowwbo"
"ttekka","kanttekka","katttekka","katttekkay","kayttekka","katttekka","kanttekkaw","katttekkaw","kayttekkaw"
"7tars","kan7tars","kat7tars","kat7tarsi","kay7tars","kat7tars","kan7tarso","kat7tarso","kay7tarso"
"tchab8","kantchab8","kattchab8","kattchab8i","kaytchab8","kattchab8","kantchab8o","kattchab8o","kaytchab8o"
"tjowwej","kantjowwej","kattjowwej","kattjowwji","kaytjowwej","kattjowwej","kantjowwjo","kattjowwjo","kaytjowwjo"
"8rres","kan8rres","kat8rres","kat8rrsi","kay8rres","kat8rres","kan8rrso","kat8rrso","kay8rrso"
"9me3","kan9me3","kat9me3","kat9m3i","kay9me3","kat9me3","kan9m3o","kat9m3o","kay9m3o"
"faje2","kanfaje2","katfaje2","katfaj2i","kayfaje2","katfaje2","kanfaje2o","katfaj2o","kayfaj2o"
"tredded","kantredded","kattredded","kattreddedi","kaytredded","kattredded","kantreddedo","kattreddedo","kaytreddedo"
"ch7en","kanch7en","katch7en","katch7ni","kaych7en","katch7en","kanch7no","katch7no","kaych7no"
"sreT","kansreT","katsreT","katsrTi","kaysreT","katsreT","kansrTo","katsrTo","kaysrTo"
"Tfa","kanTfa","katTfa","katTfay","kayTfa","katTfa","kanTfaw","katTfaw","kayTfaw"
"t7ekkem","kant7ekkem","katt7ekkem","katt7ekkmi","kayt7ekkem","katt7ekkem","kant7ekkmo","katt7ekkmo","kayt7ekkmo"
"rde3","kanrde3","katrde3","katrd3i","kayrde3","katrde3","kanrd3o","katrd3o","kayrd3o"
"9tel","kan9tel","kat9tel","kat9tli","kay9tel","kat9tel","kan9tlo","kat9tlo","kay9tlo"
"taabr","kantaabr","kattaabr","kattaabri","kaytaabr","kattaabr","kantaabro","kattaabro","kaytaabro"
"7eyya","kan7eyyi","kat7eyyi","kat7eyyi","kay7eyyi","kat7eyyi","kan7eyyiw","kat7eyyiw","kay7eyyiw"
"dmme3","kandmme3","katdmme3","katdmm3i","kaydmme3","katdmme3","kandmm3o","katdmm3o","kaydmm3o"
"Taared","kanTaared","katTaared","katTaardi","kayTaared","katTaared","kanTaardo","katTaardo","kayTaardo"
"fsed","kanfsed","katfsed","katfsdi","kayfsed","katfsed","kanfsdo","katfsdo","kayfsdo"
"sTTer","kansTTer","katsTTer","katsTTri","kaysTTer","katsTTer","kansTTro","katsTTro","kaysTTro"
"baark","kanbaark","katbaark","katbaarki","kaybaark","katbaark","kanbaarko","katbaarko","kaybaarko"
"khtar9","kankhtar9","katkhtar9","katkhtar9i","kaykhtar9","katkhtar9","kankhtar9o","katkhtar9o","kaykhtar9o"
"Daa3ef","kanDaa3ef","katDaa3ef","katDaa3fi","kayDaa3ef","katDaa3ef","kanDaa3fo","katDaa3fo","kayDaa3fo"
"dmej","kandmej","katdmej","katdmji","kaydmej","katdmej","kandmjo","katdmjo","kaydmjo"
"derreb","kanderreb","katderreb","katderrbi","kayderreb","katderreb","kanderrbo","katderrbo","kayderrbo"
"jeff","kanjeff","katjeff","katjeffi","kayjeff","katjeff","kanjeffo","katjeffo","kayjeffo"
"stenzef","kanstenzef","katstenzef","katstenzfi","kaystenzef","katstenzef","kanstenzfo","katstenzfo","kaystenzfo"
"t9dda","kant9dda","katt9dda","katt9dday","kayt9dda","katt9dda","kant9ddaw","katt9ddaw","kayt9ddaw"
"tsab9","kantsab9","kattsab9","kattsab9i","kaytsab9","kattsab9","kantsab9o","kattsab9o","kaytsab9o"
"chrref","kanchrref","katchrref","katchrrfi","kaychrref","katchrref","kanchrrfo","katchrrfo","kaychrrfo"
"jemmed","kanjemmed","katjemmed","katjemmdi","kayjemmed","katjemmed","kanjemmdo","katjemmdo","kayjemmdo"
"3alj","kan3alj","kat3alj","kat3alji","kay3alj","kat3alj","kan3aljo","kat3aljo","kay3aljo"
"tbadel","kantbadel","kattbadel","kattbadli","kaytbadel","kattbadel","kantbadlo","kattbadlo","kaytbadlo"
"Taard","kanTaard","katTaard","katTaardi","kayTaard","katTaard","kanTaardo","katTaardo","kayTaardo"
"ste8lek","kanste8lek","katste8lek","katste8lki","kayste8lek","katste8lek","kanste8lko","katste8lko","kayste8lko"
"tsenna","kantsenna","kattsenna","kattsennay","kaytsenna","kattsenna","kantsennaw","kattsennaw","kaytsennaw"
"njarf","kannjarf","katnjarf","katnjarfi","kaynjarf","katnjarf","kannjarfo","katnjarfo","kaynjarfo"
"steslem","kansteslem","katsteslem","katsteslmi","kaysteslem","katsteslem","kansteslmo","katsteslmo","kaysteslmo"
"ziyyer","kanziyyer","katziyyer","katziyyri","kayziyyer","katziyyer","kanziyyro","katziyyro","kayziyyro"
"9elleS","kan9elleS","kat9elleS","kat9ellSi","kay9elleS","kat9elleS","kan9ellSo","kat9ellSo","kay9ellSo"
"miyyez","kanmiyyez","katmiyyez","katmiyyzi","kaymiyyez","katmiyyez","kanmiyyzo","katmiyyzo","kaymiyyzo"
"3len","kan3len","kat3len","kat3lni","kay3len","kat3len","kan3lno","kat3lno","kay3lno"
"Saal7","kanSaal7","katSaal7","katSaal7i","kaySaal7","katSaal7","kanSaal7o","katSaal7o","kaySaal7o"
"tSowwer","kantSowwer","kattSowwer","kattSowwri","kaytSowwer","kattSowwer","kantSowwro","kattSowwro","kaytSowwro"
"nsse9","kannsse9","katnsse9","katnss9i","kaynsse9","katnsse9","kannss9o","katnss9o","kaynss9o"
"l3en","kanl3en","katl3en","katl3ni","kayl3en","katl3en","kanl3no","katl3no","kayl3no"
"Teyyeb","kanTeyyeb","katTeyyeb","katTyyebi","kayTeyyeb","katTeyyeb","kanTeyybo","katTeyybo","kayTeyybo"
"tnazl","kantnazl","kattnazl","kattnazli","kaytnazl","kattnazl","kantnazlo","kattnazlo","kaytnazlo"
"jdded","kanjdded","katjdded","katjddedi","kayjdded","katjdded","kanjddedo","katjddedo","kayjddedo"
"khelleT","kankhelleT","katkhelleT","katkhellTi","kaykhelleT","katkhelleT","kankhellTo","katkhellTo","kaykhellTo"
"7edd","kan7edd","kat7edd","kat7eddi","kay7edd","kat7edd","kan7eddo","kat7eddo","kay7eddo"
"mse7","kanmse7","katmse7","katms7i","kaymse7","katmse7","kanms7o","katms7o","kayms7o"
"wjjeh","kanwjjeh","katwjjeh","katwjjhi","kaywjjeh","katwjjeh","kanwjjho","katwjjho","kaywjjho"
"tsa8el","kantsa8el","kattsa8el","kattsa8li","kaytsa8el","kattsa8el","kantsa8lo","kattsa8lo","kaytsa8lo"
"khffeD","kankhffeD","katkhffeD","katkhffDi","kaykhffeD","katkhffeD","kankhffDo","katkhffDo","kaykhffDo"
"7jez","kan7jez","kat7jez","kat7jzi","kay7jez","kat7jez","kan7jzo","kat7jzo","kay7jzo"
"st9bel","kanst9bel","katst9bel","katst9bli","kayst9bel","katst9bel","kanst9blo","katst9blo","kayst9blo"
"tTowwer","kantTowwer","kattTowwer","kattTowwri","kaytTowwer","kattTowwer","kantTowwro","kattTowwro","kaytTowwro"
"r3a","kanr3a","katr3a","katr3ay","kayr3a","katr3a","kanr3aw","katr3aw","kayr3aw"
"3ggez","kan3ggez","kat3ggez","kat3ggzi","kay3ggez","kat3ggez","kan3ggzo","kat3ggzo","kay3ggzo"
"Towwe9","kanTowwe9","katTowwe9","katToww9i","kayTowwe9","katTowwe9","kanToww9o","katToww9o","kayToww9o"
"khSSeS","kankhSSeS","katkhSSeS","katkhSSeSi","kaykhSSeS","katkhSSeS","kankhSSeSo","katkhSSeSo","kaykhSSeSo"
"chref","kanchref","katchref","katchrfi","kaychref","katchref","kanchrfo","katchrfo","kaychrfo"
"tlacha","kantlacha","kattlacha","kattlacha","kaytlacha","kattlacha","kantlachaw","kattlachaw","kaytlachaw"
"Sle7","kanSle7","katSle7","katSl7i","kaySle7","katSle7","kanSl7o","katSl7o","kaySl7o"
"3a9b","kan3a9b","kat3a9b","kat3a9bi","kay3a9b","kat3a9b","kan3a9bo","kat3a9bo","kay3a9bo"
"frg3","kanfrg3","katfrg3","katfrg3i","kayfrg3","katfrg3","kanfrg3o","katfrg3o","kayfrg3o"
"st3reD","kanst3reD","katst3reD","katst3rDi","kayst3reD","katst3reD","kanst3rDo","katst3rDo","kayst3rDo"
"n99ez","kann99ez","katn99ez","katn99zi","kayn99ez","katn99ez","kann99zo","katn99zo","kayn99zo"
"lwa","kanlwi","katlwi","katlwi","kaylwi","katlwi","kanlwiw","katlwiw","kaylwiw"
"tfa8em","kantfa8em","kattfa8em","kattfa8mi","kaytfa8em","kattfa8em","kantfa8mo","kattfa8mo","kaytfa8mo"
"n8aar","kann8aar","katn8aar","katn8aari","kayn8aar","katn8aar","kann8aaro","katn8aaro","kayn8aaro"
"mne3","kanmne3","katmne3","katmn3i","kaymne3","katmne3","kanmn3o","katmn3o","kaymn3o"
"ghowwet","kanghowwet","katghowwet","katghowwti","kayghowwet","katghowwet","kanghowwto","katghowwto","kayghowwto"
"twa3d","kantwa3d","kattwa3d","kattwa3di","kaytwa3d","kattwa3d","kantwa3do","kattwa3do","kaytwa3do"
"kre8","kankre8","katkre8","katkr8i","kaykre8","katkre8","kankr8o","katkr8o","kaykr8o"
"w77ed","kanw77ed","katw77ed","katw77di","kayw77ed","katw77ed","kanw77do","katw77do","kayw77do"
"stowred","kanstowred","katstowred","katstowrdi","kaystowred","katstowred","kanstowrdo","katstowrdo","kaystowrdo"
"zda8er","kanzda8er","katzda8er","katzda8ri","kayzda8er","katzda8er","kanzda8ro","katzda8ro","kayzda8ro"
"nta9ed","kannta9ed","katnta9ed","katnta9di","kaynta9ed","katnta9ed","kannta9do","katnta9do","kaynta9do"
"Tiyyeb","kanTiyyeb","katTiyyeb","katTiyybi","kayTiyyeb","katTiyyeb","kanTiyybo","katTiyybo","kayTiyybo"
"ghla","kanghli","katghli","katghli","kayghli","katghli","kanghliw","katghliw","kayghliw"
"8reb","kan8reb","kat8reb","kat8rbi","kay8reb","kat8reb","kan8rbo","kat8rbo","kay8rbo"
"mde7","kanmde7","katmde7","katmd7i","kaymde7","katmde7","kanmd7o","katmd7o","kaymd7o"
"blaSa","kanblaSa","katblaSa","katblaSay","kayblaSa","katblaSa","kanblaSaw","katblaSaw","kayblaSaw"
"tbe3","kantbe3","kattbe3","kattb3i","kaytbe3","kattbe3","kantb3o","kattb3o","kaytb3o"
"9aabel","kan9aabel","kat9aabel","kat9aabli","kay9aabel","kat9aabel","kan9aablo","kat9aablo","kay9aablo"
"chedded","kanchedded","katchedded","katcheddedi","kaychedded","katchedded","kancheddedo","katcheddedo","kaycheddedo"
"lowwen","kanlowwen","katlowwen","katlowwni","kaylowwen","katlowwen","kanlowwno","katlowwno","kaylowwno"
"ghaamer","kanghaamer","katghaamer","katghaamri","kayghaamer","katghaamer","kanghaamro","katghaamro","kayghaamro"
"khemmen","kankhemmen","katkhemmen","katkhemmni","kaykhemmen","katkhemmen","kankhemmno","katkhemmno","kaykhemmno"
"9edder","kan9edder","kat9edder","kat9eddri","kay9edder","kat9edder","kan9eddro","kat9eddro","kay9eddro"
"ghader","kanghader","katghader","katghadri","kayghader","katghader","kanghadro","katghadro","kayghadro"
"9aaTe3","kan9aaTe3","kat9aaTe3","kat9aaT3i","kay9aaTe3","kat9aaTe3","kan9aaT3o","kat9aaT3o","kay9aaT3o"
"mowwe8","kanmowwe8","katmowwe8","katmoww8i","kaymowwe8","katmowwe8","kanmoww8o","katmoww8o","kaymoww8o"
"ntakheb","kanntakheb","katntakheb","katntakhbi","kayntakheb","katntakheb","kanntakhbo","katntakhbo","kayntakhbo"
"t7emmel","kant7emmel","katt7emmel","katt7emmli","kayt7emmel","katt7emmel","kant7emmlo","katt7emmlo","kayt7emmlo"
"kbe7","kankbe7","katkbe7","katkb7i","kaykbe7","katkbe7","kankb7o","katkb7o","kaykb7o"
"nma","kannma","katnma","katnmay","kaynma","katnma","kannmaw","katnmaw","kaynmaw"
"3awed","kan3awed","kat3awed","kat3awdi","kay3awed","kat3awed","kan3awdo","kat3awdo","kay3awdo"
"n7arf","kann7arf","katn7arf","katn7arfi","kayn7arf","katn7arf","kann7arfo","katn7arfo","kayn7arfo"
"3ddel","kan3ddel","kat3ddel","kat3ddli","kay3ddel","kat3ddel","kan3ddlo","kat3ddlo","kay3ddlo"
"jmme3","kanjmme3","katjmme3","katjmm3i","kayjmme3","katjmme3","kanjmm3o","katjmm3o","kayjmm3o"
"khrreb","kankhrreb","katkhrreb","katkhrrbi","kaykhrreb","katkhrreb","kankhrrbo","katkhrrbo","kaykhrrbo"
"srre3","kansrre3","katsrre3","katsrr3i","kaysrre3","katsrre3","kansrr3o","katsrr3o","kaysrr3o"
"tSower","kantSower","kattSower","kattSowri","kaytSower","kattSower","kantSowro","kattSowro","kaytSowro"
"8enne2","kan8enne2","kat8enne2","kat8enn2i","kay8enne2","kat8enne2","kan8enn2o","kat8enn2o","kay8enn2o"
"staredd","kanstaredd","katstaredd","katstareddi","kaystaredd","katstaredd","kanstareddo","katstareddo","kaystareddo"
"8beT","kan8beT","kat8beT","kat8bTi","kay8beT","kat8beT","kan8bTo","kat8bTo","kay8bTo"
"wggef","kanwggef","katwggef","katwggfi","kaywggef","katwggef","kanwggfo","katwggfo","kaywggfo"
"jrreb","kanjrreb","katjrreb","katjrrbi","kayjrreb","katjrreb","kanjrrbo","katjrrbo","kayjrrbo"
"khle3","kankhle3","katkhle3","katkhl3i","kaykhle3","katkhle3","kankhl3o","katkhl3o","kaykhl3o"
"9oulb","kan9oulb","kat9oulb","kat9oulbi","kay9oulb","kat9oulb","kan9oulbo","kat9oulbo","kay9oulbo"
"l8am","kanl8am","katl8am","katl8mi","kayal8am","katal8am","kanl8mo","katl8mo","kayl8mo"
"DbeT","kanDbeT","katDbeT","katDbTi","kayDbeT","katDbeT","kanDbTo","katDbTo","kayDbTo"
"kemmel","kankemmel","katkemmel","katkemmli","kaykemmel","katkemmel","kankemmlo","katkemmlo","kaykemmlo"
"khdech","kankhdech","katkhdech","katkhdchi","kaykhdech","katkhdech","kankhdcho","katkhdcho","kaykhdcho"
"stelzem","kanstelzem","katstelzem","katstelzmi","kaystelzem","katstelzem","kanstelzmo","katstelzmo","kaystelzmo"
"nffed","kannffed","katnffed","katnffdi","kaynffed","katnffed","kannffdo","katnffdo","kaynffdo"
"3dem","kan3dem","kat3dem","kat3dmi","kay3dem","kat3dem","kan3dmo","kat3dmo","kay3dmo"
"wTTed","kanwTTed","katwTTed","katwTTdi","kaywTTed","katwTTed","kanwTTdo","katwTTdo","kaywTTdo"
"berrer","kanberrer","katberrer","katberreri","kayberrer","katberrer","kanberrero","katberrero","kayberrero"
"D33ef","kanD33ef","katD33ef","katD33fi","kayD33ef","katD33ef","kanD33fo","katD33fo","kayD33fo"
"tmechcha","kantmechcha","kattmechcha","kattmechchay","kaytmechcha","kattmechcha","kantmechchaw","kattmechchaw","kaytmechchaw"
"wsse3","kanwsse3","katwsse3","katwss3i","kaywsse3","katwsse3","kanwss3o","katwss3o","kaywss3o"
"drdech","kandrdech","katdrdech","katdrdchi","kaydrdech","katdrdech","kandrdcho","katdrdcho","kaydrdcho"
"rkeb","kanrkeb","katrkeb","katrkbi","kayrkeb","katrkeb","kanrkbo","katrkbo","kayrkbo"
"khtar3","kankhtar3","katkhtar3","katkhtar3i","kaykhtar3","katkhtar3","kankhtar3o","katkhtar3o","kaykhtar3o"
"Sne3","kanSne3","katSne3","katSn3i","kaySne3","katSne3","kanSn3o","katSn3o","kaySn3o"
"raaj3","kanraaj3","katraaj3","katraaj3i","kayraaj3","katraaj3","kanraaj3o","katraaj3o","kayraaj3o"
"mSS","kanmSS","katmSS","katmSSi","kaymSS","katmSS","kanmSSo","katmSSo","kaymSSo"
"Sowwer","kanSowwer","katSowwer","katSowwri","kaySowwer","katSowwer","kanSowwro","katSowwro","kaySowwro"
"STadem","kanSTadem","katSTadem","katSTadmi","kaySTadem","katSTadem","kanSTadmo","katSTadmo","kaySTadmo"
"frchekh","kanfrchekh","katfrchekh","katfrchkhi","kayfrchekh","katfrchekh","kanfrchkho","katfrchkho","kayfrchkho"
"n9el","kann9el","katn9el","katn9li","kayn9el","katn9el","kann9lo","katn9lo","kayn9lo"
"3iyyen","kan3iyyen","kat3iyyen","kat3iyyni","kay3iyyen","kat3iyyen","kan3iyyno","kat3iyyno","kay3iyyno"
"stfser","kanstfser","katstfser","katstfsri","kaystfser","katstfser","kanstfsro","katstfsro","kaystfsro"
"Syyed","kanSyyed","katSyyed","katSyydi","kaySyyed","katSyyed","kanSyydo","katSyydo","kaySyydo"
"dowwer","kandowwer","katdowwer","katdowwri","kaydowwer","katdowwer","kandowwro","katdowwro","kaydowwro"
"zyyen","kanzyyen","katzyyen","katzyyni","kayzyyen","katzyyen","kanzyyno","katzyyno","kayzyyno"
"jme3","kanjme3","katjme3","katjm3i","kayjme3","katjme3","kanjm3o","katjm3o","kayjm3o"
"staghell","kanstaghell","katstaghell","katstaghelli","kaystaghell","katstaghell","kanstaghello","katstaghello","kaystaghello"
"wret","kanwret","katwret","katwrti","kaywret","katwret","kanwrto","katwrto","kaywrto"
"khrbe9","kankhrbe9","katkhrbe9","katkhrb9i","kaykhrbe9","katkhrbe9","kankhrb9o","katkhrb9o","kaykhrb9o"
"khne9","kankhne9","katkhne9","katkhn9i","kaykhne9","katkhne9","kankhn9o","katkhn9o","kaykhn9o"
"daaf3","kandaaf3","katdaaf3","katdaaf3i","kaydaaf3","katdaaf3","kandaaf3o","katdaaf3o","kaydaaf3o"
"ghmmes","kanghmmes","katghmmes","katghmmsi","kayghmmes","katghmmes","kanghmmso","katghmmso","kayghmmso"
"chtark","kanchtark","katchtark","katchtarki","kaychtark","katchtark","kanchtarko","katchtarko","kaychtarko"
"3llem","kan3llem","kat3llem","kat3llmi","kay3llem","kat3llem","kan3llmo","kat3llmo","kay3llmo"
"Tlle9","kanTlle9","katTlle9","katTll9i","kayTlle9","katTlle9","kanTll9o","katTll9o","kayTll9o"
"ghzel","kanghzel","katghzel","katghzli","kayghzel","katghzel","kanghzlo","katghzlo","kayghzlo"
"chowwech","kanchowwech","katchowwech","katchowwchi","kaychowwech","katchowwech","kanchowwcho","katchowwcho","kaychowwcho"
"tsellel","kantsellel","kattsellel","kattselleli","kaytsellel","kattsellel","kantsellelo","kattsellelo","kaytsellelo"
"7rref","kan7rref","kat7rref","kat7rrfi","kay7rref","kat7rref","kan7rrfo","kat7rrfo","kay7rrfo"
"mzej","kanmzej","katmzej","katmzji","kaymzej","katmzej","kanmzjo","katmzjo","kaymzjo"
"nseb","kannseb","katnseb","katnsbi","kaynseb","katnseb","kannsbo","katnsbo","kaynsbo"
"sken","kansken","katsken","katskni","kaysken","katsken","kanskno","katskno","kayskno"
"n99eT","kann99eT","katn99eT","katn99Ti","kayn99eT","katn99eT","kann99To","katn99To","kayn99To"
"rje3","kanrje3","katrje3","katrj3i","kayrje3","katrje3","kanrj3o","katrj3o","kayrj3o"
"9iyyem","kan9iyyem","kat9iyyem","kat9iyymi","kay9iyyem","kat9iyyem","kan9iyymo","kat9iyymo","kay9iyymo"
"kaf7","kankaf7","katkaf7","katkaf7i","kaykaf7","katkaf7","kankaf7o","katkaf7o","kaykaf7o"
"bllegh","kanbllegh","katbllegh","katbllghi","kaybllegh","katbllegh","kanbllgho","katbllgho","kaybllgho"
"tserreb","kantserreb","kattserreb","kattserrbi","kaytserreb","kattserreb","kantserrbo","kattserrbo","kaytserrbo"
"rTTeb","kanrTTeb","katrTTeb","katrTTbi","kayrTTeb","katrTTeb","kanrTTbo","katrTTbo","kayrTTbo"
"chiyyer","kanchiyyer","katchiyyer","katchiyyri","kaychiyyer","katchiyyer","kanchiyyro","katchiyyro","kaychiyyro"
"wDe3","kanwDe3","katwDe3","katwD3i","kaywDe3","katwDe3","kanwD3o","katwD3o","kaywD3o"
"nkharT","kannkharT","katnkharT","katnkharTi","kaynkharT","katnkharT","kannkharTo","katnkharTo","kaynkharTo"
"tchbbet","kantchbbet","kattchbbet","kattchbbti","kaytchbbet","kattchbbet","kantchbbto","kattchbbto","kaytchbbto"
"wgf","kanwgf","katwgf","katwgfi","kaywgf","katwgf","kanwgfo","katwgfo","kaywgfo"
"rtteb","kanrtteb","katrtteb","katrttbi","kayrtteb","katrtteb","kanrttbo","katrttbo","kayrttbo"
"tsme3","kantsme3","kattsme3","kattsm3i","kaytsme3","kattsme3","kantsm3o","kattsm3o","kaytsm3o"
"khss","kaykhssni","kaykhssk","kaykhssk","kaykhsso","kaykhssha","kaykhssna","kaykhsskom","kaykhsshom"
"nja","kannja","katnja","katnjay","kaynja","katnja","kannjaw","katnjaw","kaynjaw"
"bka","kanbki","katbki","katbki","kaybki","katbki","kanbkiw","katbkiw","kaybkiw"
"kma","kankmi","katkmi","katkmi","kaykmi","katkmi","kankmiw","katkmiw","kaykmiw"
"lgha","kanlghi","katlghi","katlghi","kaylghi","katlghi","kanlghiw","katlghiw","kaylghiw"
"bloka","kanbloki","katbloki","katbloki","kaybloki","katbloki","kanblokiw","katblokiw","kayblokiw"
"Tira","kanTir","katTir","katTiri","kayTir","katTir","kanTiro","katTiro","kayTiro"
"3ach","kan3ich","kati3ch","kat3ichi","kay3ich","kat3ich","kan3icho","kat3icho","kay3icho"
"chka","kanchki","katchki","katchki","kaychki","katchki","kanchkiw","katchkiw","kaychkiw"
"khlla","kankhlli","katkhlli","katkhlli","kaykhlli","katkhlli","kankhlliw","katkhlliw","kaykhlliw"
"3Ta","kan3Ti","kat3Ti","kat3Ti","kay3Ti","kat3Ti","kan3Tiw","kat3Tiw","kay3Tiw"
"ghTTa","kanghTTi","katghTTi","katghTTi","kayghTTi","katghTTi","kanghTTiw","katghTTiw","kayghTTiw"
"sala","kansali","katsali","katsali","kaysali","katsali","kansaliw","katsaliw","kaysaliw"
"partaja","kanpartaji","katpartaji","katpartaji","kaypartaji","katpartaji","kanpartajiw","katpartajiw","kaypartajiw"
"3tana","kan3tani","kat3tani","kat3tani","kay3tani","kat3tani","kan3taniw","kat3taniw","kay3taniw"
"2edda","kan2eddi","kat2eddi","kat2eddi","kay2eddi","kat2eddi","kan2eddiw","kat2eddiw","kay2eddiw"
"fa9","kanfi9","katfi9","katfi9i","kayfi9","katfi9","kanfi9o","katfi9o","kayfi9o"
"Ta7","kanTi7","katTi7","katTi7i","kayTi7","katTi7","kanTi7o","katTi7o","kayTi7o"
"mal","kanmil","katmil","katmili","kaymil","katmil","kanmilo","katmilo","kaymilo"
"daz","kandoz","katdoz","katdozi","kaydoz","katdoz","kandozo","katdozo","kaydozo"
"bas","kanbous","katbous","katbousi","kaybous","katbous","kanbouso","katbouso","kaybouso"
"fat","kanfot","katfot","katfoti","kayfot","katfot","kanfoto","katfoto","kayfoto"
"khan","kankhon","katkhon","katkhoni","kaykhon","katkhon","kankhono","katkhono","kaykhono"
"kan","kankon","katkon","katkoni","kaykon","katkon","kankono","katkono","kaykono"
"Dar","kanDor","katDor","katDori","kayDor","katDor","kanDoro","katDoro","kayDoro"
"9aad","kan9oud","kat9oud","kat9oudi","kay9oud","kat9oud","kan9oudo","kat9oudo","kay9oudo"
"khad","kanakhod","katakhod","katakhdi","kayakhod","katakhod","kanakhdo","katakhdo","kayakhdo"
"achaar","kanchir","katchir","katchiri","kaychir","katchir","kanchiro","katchiro","kaychiro"
"sina","kansini","katsini","katsini","kaysini","katsini","kansiniw","katsiniw","kaysiniw"
"fad","kanfid","katfid","katfidi","kayfid","katfid","kanfido","katfido","kayfido"
"naD","kannoD","katnoD","katnoDi","kaynoD","katnoD","kannoDo","katnoDo","kaynoDo"
"swwa","kanswwi","katswwi","katswwi","kayswwi","katswwi","kanswwiw","katswwiw","kayswwiw"
"n99a","kann99i","katn99i","katn99i","kayn99i","katn99i","kann99iw","katn99iw","kayn99iw"
"laam","kanloum","katloum","katloumi","kayloum","katloum","kanloumo","katloumo","kayloumo"
"3a9","kan3i9","kat3i9","kat3i9i","kay3i9","kat3i9","kan3i9o","kat3i9o","kay3i9o"
"wSSa","kanwSSi","katwSSi","katwSSi","kaywSSi","katwSSi","kanwSSiw","katwSiwo","kaywSSiw"
"Sag","kanSog","katSog","katSogi","kaySog","katSog","kanSogo","katSogo","kaySogo"
"charja","kancharji","katcharji","katcharji","kaycharji","katcharji","kancharjiw","katcharjiw","kaycharjiw"
"a9arr","kan9rr","kat9rr","kat9rri","kay9rr","kat9rr","kan9rro","kat9rro","kay9rro"
"tira","kantiri","kattiri","kattiri","kaytiri","kattiri","kantiriw","kattiriw","kaytiriw"
"Slla","kanSlli","katSlli","katSlli","kaySlli","katSlli","kanSlliw","katSlliw","kaySlliw"
"marka","kanmarki","katmarki","katmarki","kaymarki","katmarki","kanmarkiw","katmarkiw","kaymarkiw"
"smma","kansmmi","katsmmi","katsmmi","kaysmmi","katsmmi","kansmmiw","katsmmiw","kaysmmiw"
"laa9a","kanlaa9i","katlaa9i","katlaa9i","kaylaa9i","katlaa9i","kanlaa9iw","katlaa9iw","kaylaa9iw"
"Trassa","kanTrassi","katTrassi","katTrassi","kayTrassi","katTrassi","kanTrassiw","katTrassiw","kayTrassiw"
"imprima","kanimprimi","katimprimi","katimprimi","kayimprimi","katimprimi","kanimprimiw","katimprimiw","kayimprimiw"
"9wwa","kan9wwi","kat9wwi","kat9wwi","kay9wwi","kat9wwi","kan9wwiw","kat9wwiw","kay9wwiw"
"diklara","kandiklari","katdiklari","katdiklarai","kaydiklari","katdiklari","kandiklariw","katdiklariw","kaydiklariw"
"9aaDa","kan9aaDi","kat9aaDi","kat9aaDi","kay9aaDi","kat9aaDi","kan9aaDiw","kat9aaDiw","kay9aaDiw"
"miza","kanmizi","katmizi","katmizai","kaymizi","katmizi","kanmiziw","katmiziw","kaymiziw"
"Dowwa","kanDowwi","katDowwi","katDowwai","kayDowwi","katDowwi","kanDowwiw","katDowwiw","kayDowwiw"
"2aada","kan2aadi","kat2aadi","kat2aadai","kay2aadi","kat2aadi","kan2aadiw","kat2aadiw","kay2aadiw"
"kalma","kankalmi","katkalmi","katkalmai","kaykalmi","katkalmi","kankalmiw","katkalmiw","kaykalmiw"
"3aana","kan3aani","kat3aani","kat3aani","kay3aani","kat3aani","kan3aaniw","kat3aaniw","kay3aaniw"
"7na","kan7ni","kat7ni","kat7ni","kay7ni","kat7ni","kan7niw","kat7niw","kay7niw"
"sta3d","kansta3d","katsta3d","katsta3di","kaysta3d","katsta3d","kansta3do","katsta3do","kaysta3do"
"3zz","kan3zz","kat3zz","kat3zzi","kay3zz","kat3zz","kan3zziw","kat3zziw","kay3zziw"
"kfa","kankfi","katkfi","katkfi","kaykfi","katkfi","kankfiw","katkfiw","kaykfiw"
"diir","kandiir","katdiir","katdiiri","kaydiir","katdiir","kandiiro","katdiiro","kaydiiro"
"daawa","kandaawi","katdaawi","katdaawi","kaydaawi","katdaawi","kandaawiw","katdaawiw","kaydaawiw"
"khcha","kankhchi","katkhchi","katkhchi","kaykhchi","katkhchi","kankhchiw","katkhchiw","kaykhchiw"
"Twa","kanTwi","katTwi","katTwi","kayTwi","katTwi","kanTwiw","katTwiw","kayTwiw"
"Sagh","kanSough","katSough","katSoughi","kaySough","katSough","kanSougho","katSougho","kaySougho"
"rezerva","kanrezervi","katrezervi","katrezervi","kayrezervi","katrezervi","kanrezerviw","katrezerviw","kayrezerviw"
"adaan","kandiin","katdiin","katdiini","kaydiin","katdiin","kandiino","katdiino","kaydiino"
"rab","kanrib","katrib","katribi","kayrib","katrib","kanribo","katribo","kayribo"
"saad","kansoud","katsoud","katsoudi","kaysoud","katsoud","kansoudo","katsoudo","kaysoudo"
"mla","kanmli","katmli","katmli","kaymli","katmli","kanmliw","katmliw","kaymliw"
"9la","kan9li","kat9li","kat9li","kay9li","kat9li","kan9liw","kat9liw","kay9liw"
"daab","kandoub","katdoub","katdoubi","kaydoub","katdoub","kandoubo","katdoubo","kaydoubo"
"chaafa","kanchaafi","katchaafi","katchaafi","kaychaafi","katchaafi","kanchaafiw","katchaafiw","kaychaafiw"
"khwa","kankhwi","katkhwi","katkhwi","kaykhwi","katkhwi","kankhwiw","katkhwiw","kaykhwiw"
"sted3a","kansted3i","katsted3i","katsted3i","kaysted3i","katsted3i","kansted3iw","katsted3iw","kaysted3iw"
"sToka","kansToki","katsToki","katsToki","kaysToki","katsToki","kansTokiw","katsTokiw","kaysTokao"
"jaaza","kanjaazi","katjaazi","katjaazi","kayjaazi","katjaazi","kanjaaziw","katjaaziw","kayjaaziw"
"gdd","kangdd","katgdd","katgddi","kaygdd","katgdd","kangddo","katgddo","kaygddo"
"3t9","kan3t9","kat3t9","kat3t9i","kay3t9","kat3t9","kan3t9o","kat3t9o","kay3t9o"
"t98wa","kant98wa","katt98wa","katt98way","kayt98wa","katt98wa","kant98waw","kat98waw","kayt98waw"
"dwa","kandwi","katdwi","katdwi","kaydwi","katdwi","kandwiw","katdwiw","kaydwiw"
"9chcher","kan9chcher","kat9chcher","kat9chchri","kay9chcher","kat9chcher","kan9chchro","kat9chchro","kay9chchro"
"sta8el","kansta8el","katsta8el","katsta8li","kaysta8el","katsta8el","kansta8lo","katsta8lo","kaysta8lo"
"tna","kantni","kattni","kattni","kaytni","kattni","kantniw","kattniw","kaytniw"